INSERT INTO customers (first_name, last_name, address, zip, city, phone_number, email)
VALUES ('Wouter', 'Oosterbroek', 'Tjalling Wagenaarstraat 189', '9203 SP', 'Drachten', '06-14567823', 'wouter@oosterbroek.nl'),
       ('Sophie', 'van Echten', 'Dirk Schaferplein 198', '3122 EC', 'Schiedam', '06-32248106', 'sophie88@gmail.com'),
       ('Marjolein', 'Piek', 'Valkenkamp 169', '3607 LK', 'Maarssen', '06-83529536', 'mpiek@gmail.com'),
       ('Jasper', 'van Nispen', 'Langeweg 178', '5801 XW', 'Venray', '06-14567823', 'jvnis@hotmail.com'),
       ('Sanne', 'de Wit', 'Burg. Hazenbergerstraat 265', '1812 VE', 'Alkmaar', '06-12345678', 'sannedew@gmail.com'),
       ('Niels', 'van der Meer','H.C. Kruizingastraat 55', '7335 RZ', 'Apeldoorn', '06-87654321', 'nielsvm@hotmail.com'),
       ('Daan', 'de Boer', 'Jan Evertsenstraat 82', '9851 JB', 'Leeuwarden', '06-56789012', 'daandeboer@gmail.com'),
       ('Romy', 'Bakker', 'Zuidwal 56', '7208 PB', 'Zutphen', '06-23456789', 'romy@hotmail.com');

INSERT INTO tasks (description, work_performed, job_done, customer_id)
VALUES ('Repareer kapotte vaatwasser', 'Onderdelen vervangen en vaatwasser gerepareerd. Getest om ervoor te zorgen dat het correct functioneert.', true, 1),
       ('Installeer nieuwe oven in klantrestaurant', 'Nieuwe oven geassembleerd en geïnstalleerd volgens specificaties. Getest om ervoor te zorgen dat het correct functioneert.', true, 2),
       ('Los probleem met koffiemachine op die koffie van lage kwaliteit produceert', 'Koffiemachine geïnspecteerd, gereinigd en ontkalkt en de molen vervangen. Getest om ervoor te zorgen dat het hoogwaardige koffie produceert.', true, 3),
       ('Repareer kapotte friteuse', 'De oorzaak van het probleem opgespoord, dat een beschadigd verwarmingselement was, en vervolgens vervangen. Getest om ervoor te zorgen dat het opwarmt zoals het hoort.', true, 4),
       ('Voer routinematig onderhoud uit aan koelunits', 'Koelunits schoongemaakt en geïnspecteerd, versleten onderdelen besteld.', false, 4),
       ('Vervang kapotte ovenlamp', 'Ovenlamp vervangen', true, 5),
       ('Reinig industriële afwasmachine',  'Afwasmachine gereinigd en gecontroleerd', false, 6),
       ('Vervang koelvloeistof in koelcel', 'Koelvloeistof vervangen en testen of koelcel goed werkt', true, 7),
       ('Vervang versleten deurrubbers', 'Versleten deurrubbers vervangen', true, 8),
       ('Reinig frituur', 'Frituur gereinigd', false, 1),
       ('Vervang onderdeel koffiezetapparaat', 'Onderdeel vervangen ', true, 2),
       ('Test hogedrukreiniger','Hogedrukreiniger getest', false, 3),
       ('Reinig afzuigkap','Afzuigkap gereinigd', false, 4),
       ('Test temperatuur koelkast', 'Temperatuur koelkast gecontroleerd', false, 5),
       ('Vervang versleten onderdeel in keukenmachine', 'Onderdeel vervangen', true, 6),
       ('Reinig broodrooster', 'Broodrooster gereinigd', false, 7),
       ('Vervang lampen in diepvrieskast', 'Lampen in diepvrieskast vervangen ', true, 8);

-- todo: de files verwijderen voor het exporteren met inleveren
INSERT INTO files (filename, data, mime_type, description, task_id)
VALUES ('broodrooster.jpg', lo_from_bytea(0, '/9j/4AAQSkZJRgABAQAAAQABAAD/2wBDAAgGBgcGBQgHBwcJCQgKDBUODAsLDBkSEw8VHhsgHx4bHR0hJTApISMtJB0dKjkqLTEzNjY2ICg7Pzo0PjA1NjP/2wBDAQkJCQwLDBgODhgzIh0iMzMzMzMzMzMzMzMzMzMzMzMzMzMzMzMzMzMzMzMzMzMzMzMzMzMzMzMzMzMzMzMzMzP/wgARCAKqBAADASIAAhEBAxEB/8QAHAAAAQUBAQEAAAAAAAAAAAAABAECAwUGAAcI/8QAGgEAAwEBAQEAAAAAAAAAAAAAAAECAwQFBv/aAAwDAQACEAMQAAAAwc+cfydGnkzMsvSB1qokqiRLV10MYVp9fY0jYHhhCSGSFgkTWD8yVOVekaHEsxECekeeejVLOk5y3l4FkY/h9INyPVGtkSaevPz0cyWOXLJzZqQQiAEerKIRSxXJd3R32dxoqZ2MDZBVKTxzUECzOlwiHjpNdJG3D0kTkJ8sdSrOemzujB4JwTUDnyVI6PgpWpgZOG0Qpc8kcndLe2VstIZI6OZPCEMcw9y8SeYVafJXtWk4qRToHSAU6F4yai2rKkQE4PXOSEmBhCcktDq49OWAwSLhnHIFOJOKiUGzrbmuMjn1zqTwLZpgFjWIkrrWquG2Ihg886R/f50fSqnC0hBAQFRtujLGAQyApoyv02Xy16cZ2uZzAGSzJgmjterXpWA74E03uA1Tm6dToK7dUyhayQEY9or2umjmPgVFOTstJoJo5cySjSyBJmtq5W0DjFiil0Gf0MVCkkWVxgm1tyU9HtOGN6abAREnzHoyCOWOo7o2BJEUKmPMyQTAzRmC90dwQNY3pNRKrMNoJY4UHPGWLMRjJqRvcOeCSNgbHxaZtmjcJYubSsoEWKaQLEKyfDKqlqy6/SGDSi6RPzOAqBWIitqi0CeB8eWiSRoKcQkRhteYE0NK3tc6y1rbOpSuOrWHVtoOgQkUtzTPe/u4I1eoo+l4KtHSN8GYKxhsW9FHivesblflk9q6lQPsLjOs+PtKSLoXHLpEcJ0LA7upuqkPIbfFa58VXy6Hq9xR3/H2jpM1UWyaGanjmbnbkWKWeK2WaayWNDuZJQPARADtDntBNxLzsrCAsgakh8c9J0kEMsocsWaglikuYo3tcxCGtY+CSGGjkiBYVZSGtK7WLLQRZnQRyYxJazHqfIG/Lqs2Q6fPSmL0ttpOEXfZhOoh0lRjvRDHBaZzQp22aNil0g1e7OwZpEqS2rHNPrbCu1zgikh1zR4xYSQvgG+zp7ZEsbmRfSiFIUOeIJhpQ7SIOTpmKdCgpKs6stWqxthhTpJUhun7t8+Hp0CHpkoqXrKAgxMFKf6H+e9iL0yIeMQ2BtKXn2l12Y2nHszH7nFt0anSXFMPbB6qqtgLDfNMPvcLrmLNERqvTdLQ6Xk7RGSdNENXgkRyZ3HFKibC4J5psRUEvnS9YMMWOHX2fv4pkjeysQYga5nkY8FjI1KVLW6ymJomz1Oe0obR4DngFqpxXwWpY0ltTAlio0UHDYcpGkrclpnX2PquQU4KyB9Q5PSbfYyRrSkMZ1c4Vrklz2JdjL7Dc3MlXeGmQhbH0ZxEhkb5WQ5Qk1K2KNq0hrIqm6r64vSOGkgoWRrHMzU4Ibmmu5pFd0UNMx0kghEFHRvguRDQi9M2Rzwptr7Gp0iyEmEEeOQKqsENb0cIfFMpCoQylUSmMtUjZOpTpKOIlQUmpZx1YXp8Kfz3taKoji7UrPloPFiWgc8Cw1ifA+i+f7ZgzMXZeranL6zm6wOfOiMmC0Cuhsg87jhncqjlY+KfDPAqnRkjIhS7BaUV+90sd8MebZVvEzLlwdlS0pwhWnJNIfQaY+d1e/8ANOD0jWI3LSRTLN7VjLwbXSjfa1yrpgS8udA9LmtfOtUAEpa/GanLuNnoBz+Tsjiw8Ge79DXEG2mrfN7PXKHV4b0JrzXf06uaYTcYKpkJEfrm2Lk0icRHtrEx1y+xrj5fMmii5Gt4HNkjajt6a6TZLGkVGMWYISN6JuEnF0kcmQbXOeIshFPVnS3HRMMljjSMa1cXoeZ2486yxsLWaj1tVcx1lxVarKP0YrQAVhXB3OVPufGwaVj5oZ0D0SmV5U0QSAfJDZV1iFr596P5/UU/SRdM+q7XF7jLoDPrrFzFb1toAkY+x4OrCTb3IbZUjbOrWjRbuHn1r5IS43f0Z+Xq2RmR0G/n0cAOo5csq7YiYFDq8zp9jTV49bXOfo8dzkDD+r+bG8J4Gtx7ECJu76oYM5Yb88UKErWqMntOfnGy109+XEBmy9VZWwe02AILmq8/0fPtnYg2qUeY1Vgd7YWFRVZMsK1a0WzPkqq83P6ZzVFzHvjVxaDNpkR8SqGZJHSdaVlgm+F7YuOeCRzM3mpx2dZYprJBNFNIHfLY5RWugc3WNBUFhdPPoq2yyYMnqdw1Sg6B7Mg2e9mveM7q19jxvP8At5OLyVnrfB5JV+z4Gb8up/W7IPF6/wBpyBWIk217J5ez0jIzecbOBNROiVVPOK6Auxo7BUTYUd1L0WD9Bw0rOjHgdUeq7nD79aV9zWW9KmmfQ8u+2JBb52xdUWBaorGmueyKAy9sPP2po7SnfoZd74o9iXWZL1Tbx06QKfBMApDOehZkHvt0+U0NPz6XwlbWqiM7c5h7309pe774ix39x18Xl9R7TXPDy3I7TPc3tLc+f+irzYstdUsedIkgOtC7LF+jnVZUubIx2pLMDQ9ORD6al5NtNR6CC5uVqqDbLV+d7XOhJWQidfP6LwNrmYWMwXPVzxWsmSCel1vUW2dRs5ZpXuFTkcyQI7GutpbW82G9GBUWkCqiCAmPSbjN6Sh6+QiQJg72h12Ca2Oa12GT0tVeZ+4+qByk9TzReMRwG05rAvNPWPJ011eS2JGZy99QuzdBUWkxV5DR55XnqnQUWG9a9kpoqrHJPb1VtFRGBlSanHbPKY1l6u3qO2PVvQPP/RWxSo1uFa3FcfTuaihvvG75paibOjdhUnd/n2wYREzRY7ceRZfUaafNzPsF958U9hPj8uSKzmzjgEhrdtk8HfYO+oiuDq1DI6+oy3od1rPV443oL3+dMKtZydCB1dH4nraPxa0oPT7D9b5T6O+GKzparDzq7by5haja7FSdG/pMdI/g7M+VpdB08+eAvcXlpqKmiNubCpmp2rwjBxd3Lc1VHN3cXpXZ83yfQuczL2sNcsCpWo+pS6pLvO4Okiinw9G0RLEk1IWETLm6N8tk8BQAEQSUugJhasK8UnoxtDszIiAN89TeQ0Y1qxtqEFP62HAg9XyLhaUpqxYI1hvm3ovnlSRoqW9awtfYNZaWJ1lJ5nU7MdX5xmt1hMdKueCedXQTCgbcU1vDSaB0vY5nR5/nrK0t1R9s+sel+X+pMGlZPrnBhPQ8BxdEVzWl+L6R8Wn03Rz0dF6WnTyYYiyxvndTMWdS9P0CuAJtbbRsvcPmMo2/89x0mZYFTvm9Xbm3rT5b0TTbZ4vXPM6Od8IkPRgS9tflpLRVtDw9o97urPfLGTW1eqzmR9Unyvym+3xG3Ll7tZaRfnm4XszpNM8jTMdsoOmceVvBeD0PJc965SKsMH7aNvh4xUe0+YaKqf6NDWeeKor3i6ggTBJt7ZI5cgzn1Lrips8tOhlhm3zwPkZG7qUhY0sVM3umpnsCQTC5tKSGSBrrGiO6uc8eWti4LUNdcoD89a3MokoCr1GPc7D1PL8Om9u4nwlfc1qfAsv9NeM6xlivUlzvxXt3ZUsET7ePNeBj+25rG/N6a+pVdTPBMU4MsRhttU28NkjOl6uis85gU1Jp850r0f2Dxv2loIkYveExe4ruXoo/SLI3mrogKhSdKPYc2lRj9fMtvLtH6A3orJ6axXq45XBGbcyZgzK+Z31mhHq/M9K+7zj03bO1K7vT8yenYJzdBJ9SDz7H44T0Auh9B4b1/MMzotfw9hNicQTXumg0h4AU3NsY2U7qzq7lC+jDhWgtT543J+b6PJTeeUekkeW+rd3BMFf0GW0d1UsQ2ot6lvzTT5LXY3U9z0JNHAw0djxvt6m3yvh5mZaMmhnpQslQSzjzy5JI5M7ge57UTCB2OGIGuaywHZ0ZW4JVVnREJYNzBZ11o0LW2IlL2D0/yjd+94Oqcj89Ys9V+UXj9DeWYrZaTZFXmbVi20poW1fZUE6CV1tBieQ0d/Q5bU73EO9fl/b/ACXOs7ZVtnUxdz09BmNblcCCBpMq0938E976pBJZo9GLoHQZBFeRLlQJaZLLTR+b3Wnx6c7b9U2XUOXdz7aeXFqTtq+oUOSuxnD1kULKXePV/WcdrO7giAGz3N0nrUheX6NtQGek9fJAcRT+v5bKF7PJ9Qu6c3v4omPy2GphkTs7htT5fQ5YZxIri1rq2ljW9r6cPj63yWNq5whl5W9nJc0zOVQIqRTWvayKnuaZrynU5rRQDc3lUyd0tUnHRJoqG2x1cxG533Rc09iNalIEJmlIgdDdDBHpJ7FdFRjzj3M1JfVW2bhxDNc7KnsqaXZGiyTYo6N1zuvV/D9v6ng/Ri92u/l3lXpNpWHz76BjPovVCUupxhppLapuMbytoRoMtqE60hU4d2vrOXris3Pl4bE7uj5OnyGxD3vpcOf91Qfx+60EymCb0dMToNpyfqOZ0nXz3tzEOocdA4kmiFwmfQWdTaXg7rl1evTgfmdd5j18tcHWN83utW1JYei43dZXpxyI59BnfWFN7p0Y62rrqjk6jK8nFcnQefkfZidEVTi+t5h3nOqy3kemAxIPP7t9d4snq49lnFstMCoxCO3E8zLUvRG4z1ffUU8F6BclpSc56F3TTWvYmjXoiBrkba1UEymuqUPK9Hnb1IeWNZqTmOlq17WGWVdYc27eRIaOZGxY5mg6cchNWOehyudFDuhfa4QwO5Kq7Gn0iI/p7kQI1lSdAUJndd0zNsruzCpPS8z6ri+T31H0UJ4B6XoqP24Wwy2z4W7GjV5lTzixGbDjs+dIc6SQekT0PYykdaoinB8n0NDbOD6uKuxvplQ68+sdtHvOXJ2T3Od0BdMmTHl7HHTT4a7r6Wd0yO5+lboTSdfLj8wQnN06LF2cnVy5Qe1kw0ya7Qho3LaTOb5YGD1eXXLJe+0F/Syub1tRzdOMw/vJ+udRev7n1JEWPfKPL6nJ+J6YQhA3m91ztcrb+t518DkY8KKCCm4u3QaPJRez5mppB3enxO5HxfcvBEj0G1rmialdhGt1jMTDpG62uD30N9NdUkaeZWNeUKRUXO5Gq5NixyNE2gFhzbxtekNjmcxvKolkZJNNMDQCJQCU4CBSaSV5lZc2dHd0usWiPbFAFiH3HBmhpwsJiuBy7SP0/Oxz99DpGHsNwKn7Nf8AmnomerTcsanV3T8RnfoVdS5+p0HeWH8/TpKHUl5aYS717YK61CFxuyJEfhoQR5XpvT5NYuWi2z1zsh1TsqyhVO1ro+Ho1zrkXqUiIvOo2suI6tAsmV7hmNGVEywqIiUZ7COjUUjo+ByIgLzUGreQEaqItchsc14np1MM9n53begWWe7uOhjdNw9TbCIjHSzAsaf3fLsXRu9PkfJG8HoqIamZ8/qfRsHl+qO5vXKMkYzbb3C7vHR1FfUUX5mQPKIh3MjSZqOQ2VETNsQDObVreWKbzZGcich7ophuIibFFQ9GiKRXaKEA8PTMqptKu5uQDq5OKwFMpIIYInGKTHpHr2f9CA6OeVDyJdSQ2rnTXvzdZplqwMLrWSW0eakv8VexU7Wxqjs9DCoUqMKDd5jK9KBgytI9ilGm8/r8U1+SP9Pj2bqK+z0jQxagPjA6FSNWSPicnKrHhzXoDEc0TXKgdzVB6tUJHxPFKreFIrFY5ORnJyIc1UDm8gXOb1OV8T0q2/pL/h646MiqFGsRMUeUwrNrSuA+i8rQLGvZzzOi8ja2+Ap+vNEVtJ3NUE5FZzXILc7vD7nHV1FfUMX5i5OclIkmejJkkTSMmJM8uuN59JVa3HR7In0Sxq1C9E61JG2VNXCvpO6B1ySCSO0VVXFOK4r7ABNTBSg6vsKulGQI6o9G0UVx0Ys0gZslVkN753pnv6+1q28xowaKlpxIy5p8dWeAVZY09q3Oyhk1bZjR2YeZ9shpepOrn+H6fktaa73/ACX+m+Weo822muag/Bleab/zztww/PWN22AB0PDjygd3FpRHhK45KpXOpmo57VpNRTBcvo3ObgjOyjvkpWzVwymhC8ZRMZePoFl378zLLunZ/hfQ9BeBfO+xYAmVE1XVRQ/Lsy1rrTC5jq2xufPbLHa36fxtT0a3MvjPsnjlTWNk7XONr2Aiuazu5QRHNDf7jF7XDbqDQ56a8zVr3L5R5ouZGInJJEozjQT+XVzJIsrkRijkgdzTF6RkbZXMhRzQY9j7iYUkcC6K6o7m8DJgl8WGamKPMLpMT0mqfpsYcvr5Hy5zTRUHmfrvktR6f5vvfmrWCNXnfVtY822lS/LYVlTHhvaQ1Q9RcjV0FTpdBb55OKTH18v03HGbrzuvzYi3qPR5GbvC6rO/SVnb5+zcdPmu/DPEAEVoUTXGowdfaVXXx6EQ0Z1QsWJqxJqJGj5qqQLJa/mjZ6kgVi0TlU8UKDmSJBTdHGNS68xCmA3Uv3cUhnh+oECfX461oFtU82s1iM/m1kVMx28uD3GG2v0Xkat0Ds9CPHvW/I7mvVU2za1zRN5Ws7k4S9yp+h7bFbfn27NabNTfmbop6hCATotr05UkjmIsDBzOTZR5I4qVzWKmyN5zEUMQ2xjmMVqqKJeS1K1r2oKsvtc7BsRGWgdpT3IgwLOvtQzDkC+jQGV/Zx1OmobsvXeSegYi8wPH9FOHnOu9CTWbHMHsx2Ch0DJKSu1otxl4LSJnoefuKnOqih0Uk3myPUjOTfy6cwPt5m2IjBeji5eg5dtBHTF9OTt670pr5/F0mVjTP095RdPNoIuQrPxviqZeYwUj4J6no7I4dCVoJYeWj1UQZtbWrpGQaajpRP1FanQS3WcTM1QVjlp7LLBlvN7bOLKphqbFWT8u900fsNLXyX1rzn3fKzmxpNF14XboZM7I8m9YyNGG7dM0zxHbqEMW3aMZjO1yixy69Audxm9Lhr2Z01FN+XdfRCoTDyFVSTY6UXnpVxetZmXSDcu1LHaPx0p1k4pE5QgKhfSancmk8Gw0zxfJw2lBzUh+niEw6mvQor6kt2kCnDCCVCGvVsJ6P5x184FN61ei84udRRc+3mbKwb0OL0DS+VbnPYWZhuWrbMemJIzmuTTOpLqzanfefa4Cbyt7cVcsewtA+bWktLTO9OJVUfEBt/6DLpn4/lt7gFXp+38D1eOxeK2eSzoHNDQb5OKAI0gDiz6mvsDqpO1IzT09LB0InrBI3LKNFIeENKy0GuKrTO5wuwumvItjbWKNoddV2WplLZec46GA5/0JrHLeyTQ1FMlK2prE3SKoiOqlxnMImoSOgVW0A1bNacaphC57LR3HoZOHcjQpRjM0ZdHZpkCsBCICcRHSDvVm2NTp6gF9VeMqTLiph2r6eW5QSr0kuWPNPuSEZMFg3PG50PqstquffG3hlJSrXdJFEUekppcFzVW7KG0Ds2hQzBmBkwy1Prt7nIMqsNJgB6PW8F3nnXyZfY+fgd/J6nJjNpx9nGDWGWzKe3i0yzpd0HpkFHTwteg0+nzM1awM1udw2OYrubfR5C+M7ObKFXgAvYbmqM6+Xy/z31nzzm6K23sKji7afPaCDSKop9bctAs71zQxTsCrn0dhjrijLqNqehuIcboybEfqxqoiB9JiQmFzt646u0yNG2dMqttnkd3LtAK/QRWd8s4+4A9Hqo8dbKuqbhqjboBHJRdTXsv83dtl1wpEkaVS3TUqfrYhqjfcRlQXcp+WlpEhXRlCh66TW116MLFTAjw7AmkgFqOx4g9tZebaTSIKqa2FUWMmdqZz8/qwyG1ph060nSRNRTZWSlBZ29tzdGX1mfvOPphoxNNc5lxoWOh9Jc1SoW6pLnSALME2KFAsA7mLmx3PqZYneT3z1FoR0YgT6Pyn0+HC5+0qvV8279M8r9X5euZZCeLsoqrUUe/PVCWZ+meVK2o8VCdcHY7V5s8eOp9LS1dQW9C+nGl1OavnPqEPlgbjV1dTacvYxrgpusewpFKRcmJwVp1wjOagSWFaham66cfFe9WzXH04/XUb1VLlPVPKe7lFlsBKVdHZhVM+qrdaIzx73Ojz01Ic4Uu3rrTzDbHBMuq7t5SLuksc7uTa4hO9nrVgKanZ2g9lDLroTYCmcS9gbDYqkcoY2bs9fi9xFPm5dIkgJgodh9j5oFJFIzTJiOaNzFaSiJZNVTTx2CNOnZV8ROivbbAAMwqVlZ1nwA6EG64+kSKyj5OqukJlqQpxzopkYbwCtxLC5CNEmltrrKtY4EvtI9+orvaVl5rL6AmmY/l/o/kfbzeOVH0H5Vc0nr3jnrca2U3O8/ujp7qm2xzxyN0y2MIk+el054UXZjVdWO9GGo0pPR/IPQdE/P7+6c+Nler1SWCq9DkMN9AEamereDugjWurWW9iSHnRRTIs70NpiGPL0N2H3nTz47O+lYidKHz/AGmC3z0IyETcNZajXnZiwCaT6DufLfZocb0dpnnvCdj51tmelczXKZ1c25szM/wac/FSp7uXzxJfpK+crF+jL51OntEypSeg6ociwbCYq9K1UB+OrEVgpomuZn/PNLkgY17dM2c5oMR7BNPrmNHQiNomIro2Wkde1KxdVuBpYKMspad4W2hxul4euxFgg5egkismYIcCYFRI8bTK5IhTDeI2p0FKuqLIKpZOOZS+ipb/AL1vJq7GRKM9577DVZ34rRep4RVg9YO6b2nCVmOt8PlSAOrYDyT7nYlcPXR1G2kvPxob2/rjxgj1zMT1Zm4880b+h0tlhq4j1InJeh34Ec7464hKDXcjzWp9MdO/iE/q8UukpbzF8nRFrsR6XjpjhrOljRLatn1j0igw973cmExd3V9/HdzpecnVRRaCnchBz7bSNvqEkvOOpuvJmebgFD74wxkNqRGGxUh+lRqLpGtM53A1e4FRHDajkcrJFydh6x4/9N4bWZEEvL0MimRja+yyI8xUkQ3kxsjaUav4ImSwgyGSKkxj2NI1zASNzRI5rmci8NvK9Emior7z+2JksXNusjo6UcUgVxb0ehzAX/REZ0Bos9pE6QIoHSWmBk6R9Sk+Z6X0uDUKLNpnLwdRL0VBShJjZbRLpGAMynqHNvnYNRlMdq8YOm0z92vfD/oHh7RJ4A+TW+XDhQehebhUOu2PMZH6Xo1xYoG3B6x6ng/SeCDJwjunzVfPFplR0mnruXrqrUYNPUuycOmV2ud0WWmaxPt8iXz7F7dlk/KwNrjd3ldjorjWLzzn03ynloOO69Bw2od3W0+PRsSMQX6PNovBN2N1ef5tZ+0Ca4+Qx+gUMXQDEg0PjMsJedi0iNZiPUhMzzbce4rIz4rkLiGtQrNwbn3HLaXj6iHwyxbY3sCLC6/z0A2ysvOJXoxnO4IYSIgHgKhqYWvayNHNExq8xnSMErZGDa5vAZf0F953axOZhv0g8tJGzTJLmtZmKV7JHPndbpKC1CurruouWThG6R6JpvO7Ps5dxq8jZXNzwBmmVLUbdw/PKj1oPXP5ag+pSsb+cifo2RV4Md7dELym/raTHbYs8sD7/D9RTO6iHUMvK+Lzuf8AX6bi+n8UJ9xEvA8zNpx6bqbNg75+gz5VmuFxkBcb5vfe5WtTPWSN6uVLEuVvd95ntOvuotPvqzfy6LPjicvSZfYqmv0fUa3Oeuvzgs16dSY+d57aLDPbMjmT3UR9Ns/a+VdIOzt8yxOo5WaKCoZNzZXX2M35ER6v0X4NV/SFar8DJ9czJWMS1z0siWEpMa6i9FmtYrJsNuciAqMHCiyFxTNNTlqESZicaPa1FHPEwWGeBqFHsaZHI2iNkrBIqIJzV4fPbwHXVPb+Z3xxyw5ao8cmpU4I3OkzWmodJsDQyU4rCusZYNefW6S0kM+41BEEnVzs2OPFpezQeZ7ZrS2Xnttpnrlhm2x5e5C93By8jPO896FieTtzSasKNKzVV4wvTT/Fbu8/TuqLq8Y+Ja5wWK90Dw28WA9nzOHR57scpLnddV3EfJ0VLZJdcxnXQ1dc8a0lfSQn1uk04csf6Dl180xUTh2hzOrwPaXN9i9F2c2/tKvuarbzBYvU47IjNR7VfekeXU2fN6YNiL3TG/dCjgpwrhFvCeI6WvlEbPVvFb2WYmDSOo7CSozHoSGnlvpUwuHWS8WbDeVj2zUlHY54eXhVKzbyc1JHzB8iILo3MZBBPE1C2SNqJsjKGte0Ub04aI7ga+KYR1uNZ8fUPBY02G0c9WfUmFAnYavHPDVRIbBUtL5YqvAPB2ziMinc6WY2r6sCIVSkDAYJUaG/8nuR+j6zCzh6euI2G+BC91x3coVvlPtDIvw7Q6bzjDovo6rQxtUtsqdFOUHi7n1+n85qNef0KjyR9SWFcekQ/NTPYIs7w5vrE+G3lxXp2AXRj6DQxYfZ0FZbRVY8xIj8mzkIrebwikdBkFY2+9I6p8h2PtR3fx+D3nrlbBl/KPoDwv0OakDhA7ctXREhefsfrcx6FzaUFZ6+ZqvC7L1vM1nSy01dc6l+KPuNU6vIrMtQ3VmaTWSEXJYtjEQCOC5vSPHYufRFK2Bo3J6PHxY3OSs4+V4JGQxA7Zo2MimYyCEiJkDJGuYOkYEXSNZGkvMjR7ghc5wvSbiy3MPw/K/StUq+a4fcsuHndoZTxV1PmH4a6eIF2W96FNDjrDXWNfplPNERtE+nxxHDVoy1rPS5oR3M1zrATgbmfeedsb9nM8130XtL3zmz0y2ihGbZKqcHMVwsX537zDnp4zJqcFjvWZvUZkr0cWyjz1xlRt5NM6H0ahpc79mL8D1rj1aOjt3n55R6+py9moFtjcfRyFX69YPm8H3Xrfa+P5plfdHYLxS89MftnR280uucM3P1zRjxWqb5y9m8ip41qT9OFvT3+bjQg6mdC3m18Tni/o+X5yvY09pFwepysuqv4Gef13qU+kePm+l0umdPaUtPrh6K/wAvNvDedQXnJ3SvHfnvOJKK0flNjj86HRyXDHOUG9I1OGIhjUDJ4hQMnjYMyXmQJLzIWEMFC2ZzImkxsG6RQ+gNhm9MRCMWg8vKWNju6rulc+e5L2vqXz3aeyZcMV1tnIqMYiaaYNf2OkZOaF/i9ZmkyxEM2v0Nb6vNSAHi9WUUc7WoLAVjXqd94jtprf3+amFvH4/R7ZG8nVK8ihwpXB53R+wNisBlPQvMefpMXPXMa9BOxOYCeBlVbFDhttR4Xzn6Df5Zsaz0LUJvIV0yBE0fPTewTy7PKvbKzwepVe4Zzy5FWtzojQ297jtT183k49vP2YCZDd4PnqNqsJSSNRFEVnJ3U9BOnpLrEmZ36RoPGUzv32Lxa/K9PmyGhQbTW/BnT7AObg5ypxjkhubfMabN52I2dKmCRZAayZExIyYKlsBUQoWzRMgjIjahSRQhSVWQq9GRNkahivVn0jbgm3lzXQDHEsgY0Vko6JIo5kx4ZJ04K+5hDO0O8IZ4d66SRU+P3Gl7x+qvshhcnoGZi+5tMJmvcPMPY5s0wsfuxc3uBjlSlb+i+TSM9uIwW6h3VvmZrz0nV5+ma8is7u4Ia+16Xg/OPoKOa+db30TzHHYhlPbxt0RsM0xkzB1FdoBKkzVePSC39Dn+GSOvCbzuabz1HG6RAakqhPscdp+rnw0sMPoc9lgNZleZwNekJvKgIjkZyKgl7kAiULk7WWoll2r6kkel0Xn6xXsJnn2+w3kcySLQCxrGrmguK3KxHT85FUhRjoW0AITIGhmzc5HiKjoGaSwkfpkYP0/MhbNwCxkMFHM04PpCUhejAdpKBXjkUuOxfBmJ8yWJiFgyolGkcwhskDAmywp+PDby55NMfb6NeaqK0Lby6k4Dd5DaPPx3R+tzw8iWnSwOCbnOqINDn5A9utfAfSFW4JFcldEZ025teY64ciK1ypwdHJyMpgPaIZr5503pGEy1iBpCM9jMfu6QPObSusrU3SJNNd3D5F4OvM/vHGIXV6sXk5Hv+jvPwWv+iPm3TPM5nb4a5t6i3rChEcjhEcgIjlZGkrRM5UBHOUFYrQ64p7cFTtgF1tPOPRuXoFRLrLSvrLGrbLjf2WgvTKED5XJwSKU5ArdDVtAMKjEI0qOgbiGiFjLipQvk5OCOeJqFhDWoLWv0TX0Cju6eZqOREEBMU1XC3PTdIHpWhRHnuaBjuBWCuJETDHfDOiZzXhYgtrhNBzaXsQ4vPZ+Y1L7jyqjbV+pjGqMTl5vNESQyUl5soonPjZovUPD5VX0Ann2+kIs6hznQdUWVxL3dSXk5prmPBnPYGfwnrscV4zF6tiZvzEm40CrPozWzXms/ut5ceUX+7fWeS1fT1I0r4mnO7k++b/pDztvyTzrdZKk0e5qGCNkbJHzuBvKgN5VZzXNCWNJkoUnUY+koNAJtpV5tr2bUeeetc3SJYUNvFpnzBUXssVbF2tXZSy43yU4WNek6pq2tfcA0hcU0PHMxDYyoRDwkJSjjNhQJxCUhmExsh2Gc2lx6/wAvdfIxsvAOOZWZ6SoNLNTQTQ0iFHIE2R8TmeBwg6Irgp2jkoR+fXkGDgfdV+mwckPQ81+eZiSf2OWra3lSvjcyd8MtTK1WBOsUgM6ZgkuaXg9wtvn70ab3b4nCsjqGS4u+FKrNrmpQvcokVeBrlQGPa5DFdzEVeBOXgjnicxj+RCujkDspqqCNPL8p6W6dPGcv9BZe8/Hk12aJDQ4hOmbejhWSFD0mKxWlY94DKSxi6LOmCt3UhTNf6jgNVy9EtjSrnqXUW+ec7mscfFzCuhi7KrlnFFEsIyHhDCbX3dWAfEoqEjKiJGV8jOiMjAVho9IVSmNM1oHo+mWiRjurm50cjIxz3BV9ZDQwgrPlQhk0lS2OdaUFXaVM2Ag8me3mlv5j6blfRkrndPnNzWkXRuLqc1SQXFB1RJErWnuZwFOilZNGrGEKxUPc3mIj0CNytDQ+oeGTJ/QfYHdoeWGpN4tEZpFm4WWpkY1rRDR+ZLIM9E8bmg5wzwnQfgI6FgFNFiAyfyX0kqwilaLzFrouTrnSLkS53QwXOCy/tcCPAl9dxemWTjsBqValkNciOn5EKSo0wiK1ZUOu3itvQvP/AELm6JRp5Y0rq+3rhaQl0GOxLJI2I10SbHStCGMyJoWEuOXBxCJ18JUdIWU3hRMkBZIPMFpEmqodneepsq4Dox0tL5TAz3Ihkl5csiiaq8yB8KBOo0oueLXqrHOLDltAiLnr8z3+dhvH2tuK2PN1HRSRQ8pdSV9Zx4qyq7idjl0IVThTTizUEM5Alezgl5vBJyciSJ3BCkkdLr6hYj3a2+d/R5r0FGqiW2pVqdG2rtNM15/Uo2zcCNfwN5ygxsvALO/hMSTh+c+a/SDA8b9Lznlo/ZM9hNBhtaPr3Z6FslaOMiBRTRsaMLJbYhx4KB9A5bbHyefQULToJ5ArpCYGumHjDT7/AMw1eOunfUG5aT1p1WPckjkY7McMYOOIxqBHSNY2KdgxmzPBIy1CqEtBGh4nVemR1dPt9csDtNyDrmeF5RS0X8XqGsJw2wJVp0jOqZua6p7u4I+kaETQ66NHwSJlq0GUSaXnPH86Vt1VERb/AM1sKPaOqbfk6g6yzaTgKXdYPfAggQiiNksLT5YXtT9G8ZHRvBZI+RKjXMcjVBe5AZz2CZ3cy99U8OdNfRHeb+iSSSRKFufmSLi+4cnWO7uFyood3cHKigndwci8CdzAxnk3v1VFfPt/ofPM72p3mmiV7ibKmy7vo5JtrXDjKZDOgnPW3NefZj2VmmXhsPpuF1zrEIRHHgWAWtrUWeWlqJJFnp6J03YdA1gMUELSRgicQ0BFlUEhfHSSCpodM76lM3u2OA3WxrNczwPKMS3tcbrNfjdH6jS3KL5gJe2MrmuqXSNdSkVrqnuSuTKqIWZbcqMi5MpmMiPRejebelZVLyt0PnuEsZZiV1kJc2fp3iuqnT0NiP5twfMfVvKdsXyjv0zniZzcjopHMro1HOsTwlfDIm5WcErU4FVvAr4lBWucDI5I2h76heL3O8+c/QYv0zoZUOPr1DSPzlnrnYK11x3dwcvcLuVAjGMDTFrbBuWtSDcV2d0VLrQorzvNepZ7TPFaAeoudub5pfK9/JmCou7krzoqRksI2ujem7xn2bxDXKKF8G2JdjFdZ0yzeXncSk8q9C6aHDobPAUEMcQAXXBEUuZnM/rlos9ebvXHz3eaun0i2qvJsU3tsRrbzHSjv6suKsLOGxTKMfeaZiWKu1zVyPcc9nUTMACVEC92ejUXHDu/GKyuGRbVl3mr/wBH859HnRecmk+V4b2PzTC6FSk3xqIrKouPQNV4/wCjY73XlHq3lyBnMXfF6coSPilBz2K057HJyKxRyuiVOROVDubwLyIxXM4JI05qB7Xi5F4Lb1fxF019GL5b6VNEKigRb0C1Gn6ntdc3qitLycJUXgjDsWhSx3VblpUVmjjz0ylfqqqayNFvQJPOqz0Om0zxd1NV6TrzPN7Kb9Cscfb56WU4FhNyed+iChgK64z3RzWusw2sz0sFJZlpBCXGHoVbaVU69KLE0FWgg6ZXFRrNxtjgN1oaGpvaTyTGN7XFanUY6Z3Q1IMUVBZ26QdwbpaVPoTHbZ8qvqWufzSK0dOcCJs3ycifQ13jarS+eoqcY5IorO2COg1m7yWtWiwyx6TiX0V/y6+bV23xO+EIJsWkVlpXw6R7LgEJx2oJYJNM5VZwOIFnCXkUXSRSNv5qpuViokVjhyt7k3LGolR0aFaqUmTQvE+OVBxKrQSxr2h7Rqvm3azXrqhloWSPmW9jlyKjQ8IXrmvcrnu7g6Cfgp4L4XPSqiJjzumq9ZDF4wLW1cVlKfcBiwFV6FUaThZ7+s0zv9J5YxV7DT0/pM3hofZ5bz8HpvoXPJ+RaK5olWjhzFtFeh0tAONQN5rtcsBt7rNVOkz/AJFkB7LHavWZaZbUVlZnR9fY2wqu0P0FFHpLmfTNkqrpCK9zTXorXMhCmpYU6LRFGHPiMth1csKLI9vSIhGNCpaSeSXKtxpqW5bYjm2vPD8jfY62fmHpECnyh54vRziVdqDpMdhTztFPglTlVvDdLFIiWSKRnPY8OVFQ5vKNzonhIsUkt7UVHOajFRUYjXxtSuYqbu7gjbIgo1ajLD1DyJJf0ivi/qsuzVOBxoKM0k+Ws9M7fmSaZd3cCcvA0CwVPPtvq7PQKGdIukrNdBFY4LU1s1mKnZiiwddvKu5xAutA0z0nrXzeNovsVPmj1ep1tRqJJPMQfVoYvDaazx7NZlvIcq3rclsNhlpj9UHTZVZ1hls1V2lhahV3N/Y6QGY5dM0crmkdy0u7oE5QoWzfJ3TSo3zkem8er4prmcxJXdONsitRGIULc7Jwp2GvodgAdac1Y7Xks45UBlqNNnpl8X6Xi9Mc+l0zXLLR6gG5rCiBxy85s058UoSSMUHuieDk5QdzFB3Io3LG5D3xcnKnKnyc1p8TmserVB7mchzVVjY5eFCjmB08HM9S9A+ar6K95XP3yHd3BNbUatapc9ba5Gci3HIvAipwRVtx0vO9c1mesEM/TVLW6yCayA2mr5eaqdkMGDB3dY5w4O0D0iu9U8qrNF9Z5j5uMpaPMbbU4a4/WgVed2lOXaNVFrYnIBsby70mqt3rpmiudUtdyi5U5isjDmpR+6NE5UBK+i8mm7jM8suOOREMkc8SKqMVixMYi9U6a2rb7n22ZME2krFLBS8i6ql25/RZ8UVL30uRspupaLUVGpsMAS1DhNTj6kl9cSqnlhkTJfE9NeVAfzeaeiKnzmKD0ThuWNQe+Pk5mcqEarGTtTkPVjge1jmOTuQ1skbGskY1zVQTfSPNHh9JT/PXrOemrVOB3NULG3zDrz1fVNnrk9O5pU5Q5F4A6+86azyWgGekUJCS6ev1EKrLjaIKXngNTGjGBboWl5vX+mwVNQ68Om6Ozsp0BFXF7Spb2Z2mbXO65R3OEi8rEXoE5BImzfJ3TXItKO08yzFDNv5Ega5HBHIqhyt4FbzaXNc1kU4x6m80me0OO21exdIRjXU/n6vvqmsi9ZldJlqbc5yOK0GGtqq4DVG3LKO5HedC9jd8z5wjJsiSN0t/I9NF5rTuRBPTuG5OUOROBzmKm/muBWOYD3RyjVHIjuc0FVjUSojmMY9GmtV4gpon0pGq1G19V+drqb995OmlVOBZx1avzsrea5H9y3n3Iod3cHNdwDD2ME1VxWQWekUU/J1gl4KqqEKdLBSweFcpxAhromTbNFctSnKokVeDl5W0aoKFg7s9O5OHzVyIwPLx4o0l5r5OZIGIyVFCJrVEvcjbebI5SN7Agtqe9C01OT12OuvhIH1iNHsdf//EADQQAAICAgIBAwMDBAICAgMBAQECAwQABQYREgcTIRAUIhUgMSMkMkEWMzA1JTYXNEImQ//aAAgBAQABBQCO0jYkynFkxXxZM23567jr+K3/AMN/yDp9Tx1+9bQPt7/k3RtW39zjXFZekoH2uQ8r+djsOpOK8d/LV6A+G62H4ci5WFaWxDHJxXVUoLWn0dKO1d1MIr78KM8cAOAHFGQqrH/Tn+rHkJb2nHbw9kSAlJFXtexkJ/Fflg6xy2Qv3SABVI6ALM3RzTr5bIR+1I3yrdGJ/wCaasIpFyMkYqhFRHRrCf0Oj7UI/tlB8ZR3JD+M86eVqF/OSEq0RT80IV4W7ecZGSMAYs0be42HKhZqEq9ZC7BXu3YGgcbGl+T4ynwxB54yAsUKrYjz/CqCGSE5cDwz14vlpFR4XM1KI+20CdTpbK7KwBHakBLUfxgtoffmQZE+OCHhARnHnExJZvHyooPa8emYKJVKl6q9VyBiwJFJVP8AbAqKewYmJR/c3Sr3oPmBcvsPt6o8K14k2qaecXQMapillxZ50xb1lcXaTLk+zMtfU2VrZspVk2mynSXTcdk6rf4b3kh8sDeeg42/Ui/hv+SHuSR/PjfHZfCDWt7W42vzvOR9SQIwfinHSPsuO/huI/w5EoGdZ19V+JFydGyNCchBETjEHjijzSRc7K5DH3B5q0sbe+1gF7Ufj4qmMBkgIbTt1sZBnf4EdqydCFQFkHaI3hjv1F2rxynzhiGeHUak5N8ND37/AIB4aKdNGje/i+PdMs0EuRjt1HYIDiQZ2fCijPTuRNNKQksqBJsMBRmVVlxyPFWARvyVAHhtr/bfxBV/JoD3jBRixqiyt8JGyRKH8RI0eSxsNekvv0GJC10KJd792QeeVR5Y3XuwgO5X8FUGViGkrh1q9KHRC+VR+VQEQSlQ1h2luLGIYCnhQuxLLME8bLoPvhEAoHidgOq9f5rXO/vtenasv4hM8MCZ4Z4Y6ArWy6nhPKndXWlvbkLC/sZZZIK0hbV6mf7eUy97jcWUnSOeL9L1EghEf4bDYfN7at51KxJ0ukchdWfb3Eh63sdn8Vs4LK4J1OLIpxD26j8Zn6kicNkJHtr+SquKPxk/lshcgqVEsnw0xLWI0wL/AFG8ckADaokbGQdLIO1Qgox8mrk5JjfEcg/Ehq7SJ1WhTppASgHjko6ljHUsABjjKx4ydKxxwUWNAkTfORp/VRVVmIRJF+WB8NUG9l5XBCuqCoA6o9de2H0bFPUfiEReglz5p99JTJXK4CPJ0MRiwphXLOqpOwTIkLNHMDZCCNGQOFcNLIe5JCBkPXj2DPEqoO/w/wAWcZVHVH5fIshHgtdg8DAGdfjYuP6auEjX89hCe4WfztoThfpdr/jGgWDZQiN6IVK6/lirgXFTAmeGMn41h1LtE8Sqh6erHxbTq/eT+z4hG3VVOrMi9bG6nSsPi4hSqqN9nr2eaJZ5ZZ1sywtr3aKSu5i2c7f/ACsV9PFthAqrsIHKWUfFlGVm80ywheUIUyuO44VZJUPbFvFZPk+LNkAXxVDM4LDCF9zx7PRM467lXqTX/hsJT2P5RYniWT4aqWMkgBzsGGVQcsxeURPdWHr3Gb8/nxmIxT+RkEUErqa7gPBjDzxus8g2Sj+r/LWB/ZJrbuyd/T7dexDWm14Vx7bS+zHHatQKmwd88+8DjxL4rgRqPNegi3W6WRSsVd/zY9XJnAijJEFUKSjf21vtZVkSGOoWO1br3lchh0lqWT+8tOGaFiqLIHbz+WfpO/JfPuWivVJCXeN0KRAhKPf2bBjYsS9XJ3Irks9WMgWIXBrUgJrgQhJF/p7JGfIyClmATRU/6YHQXxwAYqYFwJhGRL42tqg9mqA9LVjqbZJ1csJ56/0801a1QlritvLiEX7URePw6G0gZKiVidLpIPOCvGW3FiLwt1U8bUg8L1sdXkHabNO6HkysLdmJYdxfTONTvb0yAY/xP0/VUH2/j7lVUNaBeuQxADFa5VUH4YUY4QvvlwAB3I6d44LrR+L7gYOygcuthcqjqWTrEHUanuRmBzw6qx/DRyB7GSt2f5E46rqO4UburIfwGSEDIj+EpImjIDa7SWN7b2erNOpRtValOGS1FJLKFz3w7V5/NlRXjVSRGjutfS7GyH1OxhWOhbXGj6W5APbaQCOI9tO8SW5HBjSTqCmDHBEZHqyH3FkrTz54e3BYf+5d/ONg5BIDWHAaF8lkITzIYt+KuWdyrLUf+168F+RXkZYkpjqtK4SK8FzpXrRskVfy7yYGOPUhYoEcIGbtLrkWoSWVv4tBHlWNlqBMCYEzw6IXPHGXwubNO6uuHdOj+F/aJ/W4pwCzyfjvozUrPw/e8NTaer/LOPW9BvNVS+/tX6Jq7TmOmalqtXpjPwThtI2kpwf/AOr2sBh2Kx+F64nVrYJ/cwr3HeTyosPmQDxRc4h86JR+TJ3I6kSVQRGq9XevycecfwYvfXI7LjCoCuJAxBLTL0sfwWRnzyZJahKX5O/IZ7ftx2chT4cdMGwDp55fC10fYQEAjwP/APUnYfyHtSdNDN1HHG/nTY4p6ntvldChVT7sMDyTHaPrp9zVucy5caus4bWqVude9tK82p2LOEWNxZWvW8BX4+YUp2kWCnau7qCXRR1opeRpVuy2otpFcjhshoVOe34JPC7TzRuscZ6gV1FSM+NVl8WMorC8oSrIFM6gPAxHk3RlthQoHSyeXur/AD5BVRui6jxjfxru6usgZUtsXlVyFlK+03hPBXfur/Nf+K9gFoqcfVF/xCPl6QxW6b91rUiJFXgHjK4CeGKmeGeAzwzrJk6t7Ad0tT8wQjw221Az0jlhn4D6QD2tTfQQeunrhSiKcNQNv+aQCDk3qNSB4Zwiolz0t9M4A9xK3tepPL63sbi9D7d7aR9Lsk6FYdwWlBqSD8pB/TjH48J+dEo8iyjEjJyH5Uf9jD8+v6rAPXEf5eGL1GvvyPj9o0g92JAQAPylPm0CdXJc8Q8bDLABQMBI2KMXxVmpy2pP0udq3tlYJQQskgGWLIAa0xgM/lk3biMgYzHPgzyBpLco6lkLB+Da77rZ7Xkmq1G1tpsJdvqeJVeIHkm+3V/bch4/d1dKGXKVG3tZ9To00cMFehE25kht7BKGw9laFnex6CtpVO21ta9eo0SJtxFqXnatIktlmNq07iGNyKcBCLIv9rYJOTATVB22n+FnkLJG6l2Zj93cIfH6woDcZ1Cp+cPkAHf84fmBQ3l2TOv5W4wTjgha5LZXJBI6qsSYGA9uEkVZPlVQnNmQiVehBdd2l78EsdvL7ee3nh8+GeGdZcTxtWV86Gn+UkHhttsP7b045o/Fs9Hdml5+f7WLQ+pXqdzCHkd/iU6w731AdW3PNpUtenfpY4f049NWCcj2CCH1Z9QUA2e4QLNtx/Y7JAalP5qzJ3XmH5OP6MI7h4EnfHY4+slDCRYyuQIAFjb3wCWkYRyAERd9Z0RkYUMJ4p4mXqeNfPGAV2BdpT20ZPvuS+JiP5xODkBUzHs54ExpD2atWtAq6bwguQ3rOmv+MLWHBZ3bwXyJYkSq+TfEhZjkUhLV3Bllc9SdvPav2KnFuL0KOgg2d2hw6G5u+TcufR66pTp8+tVbp19Jrd7SgVqXJ948N6jrZNJSry1NHr4eYa6fVTanc77LQTh2g49rd7ZpU67VaNbRQarOoN5qbBAtSTB45iDXUf1Yx+Es8JZLMcKnaQmvNtfdybaOJV2MjtXPmk7FpJD3Ao7s2Y2dq/kaZHiHHkY1b2WYMIew0ZV5C4jY+TxxgC5CStpuhFIAa4byPQCMjeK+QW8ffkpEmKuPfssSWVy7+1nt54Z4YUzrNgnUpHnR0/fu3h4bPaDyo6r5q6HZ3dbsN5tr2y22yPdbXzmEbbYvsJNhuvuuF+l+6+241wy37HMt/ZA9RedTiaXaSK6bQg668O9frx3UZPKKwOncf0KvzD6efOgX4VwBY76WEZ4Yo6a38ROgERTzbxAyKAvjxwlyB70J6aQEysGVXBLxqffYZ30UjCQyeOV5fO4xUKs6BddHDV19ejFQ05mtbFt/KutG/wBu1uy05dlcPGhJeJP6kT+Uz155lbX3EyQNXFJyY5pAi6f2ZN7esf8AzG9723JWg/WuV7H1Bq0BsuSNqPTTdUbWuoenOoiNWS5EjUatJV29qpBDBNPyrb7mzBLO11ZJ/uqGzr7TlD3Z+G7SarpZdjcty8Fh+y0m1ry1GpkvXD9SyyMgimM8ayy+w7iWAVWSV/4mL+7EQFpv3BKDiqVVB2yOWve34SlyQz45CKy5H+EEJ8IGdpGgcdMD77fEthgD/lTB80J6DDsTMUgo1mZZQBHRQiORigg7GvMWGMjCgGeAzwwrk+ss3ImrS1otX+Nzap1evKW12mIMNU9X9oOrl35o1T3ThcuEnLU+J3mqx6iyYOTb6cnf8gn9+OxL5xbNv7K43/x2q+aJTtLaeM7j+3ofK+nPzp+vxMZ9+WhaiWv/AJRVJ5IpNfZRrcRMfw9fpQrAYiGVVSMCQASeYV5JQUPbihqo5pdxp4qxkrWQk0nhH9x21qdkys7fcmTNFVaxs9dTeVJbsG62V/wko39myPy/jA2NqFyCg+C4TNdQmtrWr62G3O+0uCV6u5rJdsJC1H2Xt9IvHaT7HcT6iLXbq/fr6ebkN+3/AMB0PFJbSXIaOz2u/wBnLybfcbo3dPxeesKdfd8ummn2O3ebicCxQUp68IG331i9ainMPBdNx6ztmlow63j03GdbpBPyVtiOUT66poqUVqwtjXT0mX86cP8ATj7CWISYmtysZYZi8rOXZconqnMyrnn2sciiKqjvLIWFl06Rx+Z778u5ZyWpyRqK8Maoky+zPYRjknkZbzmLK+qtz6aEMIYqVm1h01pRuBNWWgipTvzMjIAkV5mSrICKfs/DR4yZ4YyfBTNanev2I7uUR4bPdDqWYees0v8AMY8dntl6lsdNraPzUgHUi/DahylqJym63T9zbB/cg8+4tn/0XP8A1mlHdBUzYJ1dYd19f/Ppv8UlTrPmC7Ns6sUOjrK72LKwKt0ySW4pp5KH29uxcrRQA/KlwitaJWeZmYSsREXnye6lCsN3aq0huS1Cd/6F60pqwTlpLUjNkShGYZQlTWi5YTW8eqVUbR7HkVfZPbkhsVLO6OhvTRT/AKi0bwSafVPsp+Ltau7wT2r24sa2jrnmN3a377cdtar7LcfptzWzzZo6VyrpN3soLlrlNGXZ82gp6zcb2fmUAt6+6ty1xfV+E9XlDPTi2036dWq2blqro6w1+z26azEvzTcSjR5Ws6mT7Tbcrh0NShubTb/nlyf9V0kTT7TYRyXfUWWtBT5fyCdTVjcgMOkmkIyQh1qKZX9v2ZWXwyFC6VwrVX+WjQmJWYwJOfcfv32ON8MZCVVxg68pCTKrnLQLxK4dWk/DaMBTr7OrJraQXabCzYSnAeQBTudul81IlJ2urqRoGJisAvLsCUG24jDQe9o5oFNSUmDRAK2oqkX9MYE1qEa24jSbOloIYrvLI6FeONS+r0v/AHsOtruB8MPPXa0+UEY6sggSUj1sX/HZ7bv2pT5wRt3HsADFZHlqtB80Y1zap47M/MGv/wCz03/iUBEYd2bOsr/baWQJLYpicWDKXr6yGWzeqa2CGSKKymwpQVqlesLeClX8bOsquJYHqSUIZXQ06lWjdpybKja2FTT6iaz3RRZbza7jws5L6fzymfhexq5cqzUZKae7yTZWY5OJ7DkDaXjOs4VrZ+M6jZXoY6lWlseF7SBkSgs9+5Shettvu56Gz0jxPFvNqY9+Ktvm2g3W7p8Sns6mbme7qXNXPzbcqj0LmrE/CeUWV1FDi4lW9S0Z2G63w13DdBwJUt8QPHK0WitsYqSx09dra2weztLusrPsToJG1Or49R41Dp7Na3td5oQ1zjmst2r1zik+y2VbVafjL7EzVpdSXOw3MYNHS6Uypfg1lHCAJqyEsyCCCWTzi8/KVgQlRGWFSHyFs8itesoMk0nxIQsJPlijygBLRfLTRfm6uCrDuOs7exIeoNkv/wAZqdfVn12nnSts7dRLkG0pW6q6OmJbS6ylCxiS2G1VHqhWl2GzbTVRNvNeLusTQWZIavFLMd3YaW+AeO7ONrem2tlYNNag1dSIRWt3vHi3G7tpJVqXYI9ZqJohbsSxPttxIhrwPG2s0SLIZR7exb/vg+NtY+L2zH9lGfKtEQYb4/oSDvU8d7+1jTN4nhtin9DXH+49OvizIpOGP+vcIGvrR/17Gx/PjMlW4xdqcCz0Kcu2pSu9x+h/TrQTWXnkoSSma9VD0YB7dbaXZLGm1UWzr6lJPZlrxTz1dLxWtrk3+3aCZ7TzbSHawWtjZlubjZQu8eq0dX2tBfoRbPWPsoYIeLbRre45NZn1G4pXKWx4xxzWq2r2lb9ZvPv6l/eblb2vpaXhu2n1XJtPyy9v9dZowW7fKdsNnx3j9dN5SnN7l+s2Y2Gm4/f/AFizrqkukq8N392C3yyeS1NweK+OLjk1VIr+0TZx8mM4ucbmkRNtpYIN3qeRi1v+Y7OSB+Opct7PXUX22Wd1S0duXdzUoprtuzflvWf03ilwz2kghljt31pJOJZ2X/GTxZ3nVj4CJuvwiceK9rBIOshIDxRBoKLIuEh5GAaFV/uJQViRR4xlgnn4wo6YSHWNOrkqFJbhaXV6U9VRJ47b9bn10FTb175ua9Jawt9X5h1rJXlXOLwGLXbjYTT3ZjEUhiWOKuo96SFg/ceGILk9Su9Tgk8K7nnuqoS8u9Rdbpn4L6aavSbHhnDdRqZfUr1K0Gr1HKef8K0lXhHB+EanfcK4Xxqvtb2y1y0d5JVZJZEdtpaRw9oOKFQTGKH7kZaW/wC1I137DjPZrQ5yKPx3AH9DXj+59POxtGHSn/OwAauuhe7KlaWzybXlouOchuDYw6u9rNTW3m2vtqrciieKJtitXg8qxVuI1JTfrTwwwosuU4LntaClD+oXZ5dFBxymY4n2UO511meY7+pd0tOgu83NnjqDlb63kUz6ApuYkp8KsI+i0upsXGobJ+KWtofublahLr9/Np/uLWr4V7Oo1/D9NrcSvXjUsmX4YrUPJvTBIKtPb0dZbrbLZz8u+2j192GOHjtqvrG1/KJuQR8it8dpzUL/ACpGeOB7Fbh9KZp7mtoSVqu6Ae3xNKtDUc2uzvY4vZCbbcaO5toUsQcapayWZq+ytrHyGam1ykmleB95Bfu1OIs0e3tTtUQVquzo3K8uvmDq8pVosAcMQ8jtJ5YAHWMkJ5Bm7AeBQYEJjnh+YgAAidyyt4qRn/8AxsEIrTOmREFP4szt1ZBDxaj5jepLNvNtr5lyrq5rLWpkr1aIH6nejZ9ffkeNuPSB9JvdbYjlM0eMTLjRwvgdVz3YQGM8mB5Y04TZlHOfUa42v3/Loo7/AAf0dBfiungNX1v9Z6oit8wqpP6YelMUU/EeDJEnM+UII+RTYwI3V4eMl4A0ah7qRAe1MA1BCP0njhGQ5yhPHcIO4KP/AO16e/8Av5B0jKAL1uJ6VaeSrY12zp2d82wr7u9dv+/W10NLQqN88rW6Uu3l0Guh1GqqbSpbxtnWoXOTV50uXNhFqb1bf1JNhFs6FOfZbOxy/l0pSXTGJodTT2rXd6kvHqlbj3MrG9lo8m5NsdxsXazzjkU9p7nHpY4MnswaTnXIoYdzWTUXoNdouHNdytSjrh5VXJJfiayFSS8yZ9y1mTkvIl1ej3Md/d7ajuaOsv7hpp+Leol1bNCe1DsKYqT1LtvaU6Vnf7KLrinIve1RMFS9ub9KNTM+z2da2+qtJsa17V1NbUqbGtyaNobG1qvLFtg+S6x5Z4eVw0JLnJ61xtvyKtDNptisO3uX6t+prNk9ZbV7W3YbcaoVfzgVlEbOftI+0VCQq/CeHzJ8SQOBFXPnbhHVdl6yF19wv2HZQy/MpCSTzosy1WYr8i5NGDZPQbXbGnA9m/LWl120qS15NnSVN9tWumCEIKW7iZNlsaFmCG4+ugg3dSVmcJikOP2FfjjK/Z+qnrQg9i3Mlvg3oy5TXX2+z9b/AFoHdG9LLb9J/SGzKNZxhni9SObR+HIpl/Cf42uwHxOPOhQ7anD/AIyfOuhHnq+OfEkGcrTx2ka/0Kfxa4D8ckYY6kLHGTL+YlpbCXV1dVbk1FWikPG7tXUzHfbXdxtt+OULX6RpNhFsEhvTw2LU8Oln51t5qerlsFtfskRjLJXh0PpzRCJSfzx6gu6TZbUR820+lg0lDf7OrxtZbtKfWcZ2M9LRXvbvbzeeP6fyWvS2o1+q3aTaDjlfT1a8AgSaf48w+E5sHAWe0zNtORVdZFtrV/fyjeS17K0ZX2evsxWZfbhv7TaSSVtwr6y9BsKlqe/e0m3jocK2UZXY3LFmvr9Rtt5S03prvIr9703sXbm64ttKR3LWospWAGs6uZ5Z5f0KrBvbU8rRpDJYlWqq9uzgjNNIHo1pFMCxzGVVZWfwhMiE5GjI0zpgJLIflV6yX82r9pShjaGWQlBJJlcr7jgiYp2evGGr34fJZ19i95hbUzqLD/8A6wglgvlEfIE9uA4muuz2pYmindxGtStJJaskewPnYsXJ7IiXyL+43TqYwA0jeBJhQQ+qHqfAZ9Lo60drhPo58XOZw/ber/rFW8+LadBZ9LfRf4ymn23rN6jReHJJvmvcAW9f69j+aWtb+1j/AJbo6yt1+n8eIFqHOXfF6IdQVvi1wP55M4ycAQL130rTWq8Lvx9jUo0q7X49lM++OvrQmWtcT7q81vT2uRbOPW0KU89mhym/ReapVrzWqkqWdTPNHf1/FUgTSo7Qbe+sMOl39yDSazbQWOQS7+g852TtqKyaC0OMU+KX6vGd5BtxNqtJLsjFWSNIkSGOzbK559g/CWbKou22iVYv1qXc3pfTuPbnXenmlqxHi+ggTbcD01+tq+NWNJDQ4VttjKnplFZgq8F0KVqWk1dPJ4I3g2Xp1Qnua3hNOkYUVFLdK7/nc7EW60lbc146lenZ2fLH96YjZ8ka7UlVgu7qSX6821kirwzGWCXWauBKQWvXimuu0NqedjJETIsYeJrMnar2+N8ZI3TL2kcwIZEAr2AqVJG7eTxDQL06uDY8yqWO0rxqqL5qiXQDE5+ZE7lkfqL34oIIpK5j6SslL4n08YlkNRhduPDLHSl/+UWSOxllkiUcm1s2S8l1UEEPKdPLON3qTke21r5PtqFZIrlSRNpt6EHqL6i36A4tw3aVbfDvTS/Urcw9SLtWLnvqKK1rgXEvtp+HelMVWK7frU4fXP1hiSHlcp/t746ktDurH2a+uJ9hfg/zq6PzV0LdXYznLgPdjJ9iE9WuAv3yaUBWmPagM5lT52E0ZdQE2sG6cwcY4vdqihx3X0EWlEos14cu8eoT5LyJotryK1BVWa7JHupbrSJPHb2Uek0u4Oms8VsvH/x67qrzC3u9dDY1+og43Bur3LDQ00VnZW7lrNbsrEAlZrax+KKntwxTbNA1WT7ibsA2bwOb/k1TS19bxje8zn1HHqGoqt7aZau+zI9vyhELuqVB4lZFREVFnsKuEhZhGWKTIRA8+ez2HUDJrTiaewbNes3e25h6cT796PoEEeH0j0yW5eHcF05ng06Vddo93tdvS9LrkD77jnHaHHtNsg85udxS2RZdQj46gMrtI9dC8h6Ld/n0GReyLTgyHy9i+f7N/iRfFsqEkIyliAWU+dnsDLlkuxcSayUDwlfuX5KSbEQiK39/Dfk84p5Wgg190O9i/Nhs+dWrcIhgaI7e9KZb9XX7y202n30+LrN0mzetu0TXJuJq+7obn9N+92iRRWXlS/aktUOPR2H1muDJu9+ji5fSw+i0z300+imt1tnsLNoci5TJLPkgJgv/APVKO6lXr26H+GRjy1Ov+YtL8X/c9qLlTq8CkiKP4m4C/XKbKAtInaQqWxu3SF6ot8c43LdTS8V12oxUVRPYjiVtxGq19k06y0rkmx3/AAe7PsxxTa8ver6RUHhX0r0KQanV6vSxFO8CBcfN9qqj1U45VtW0kjgmEaM1aD7vKmthjlkcOAiVYr9152hohEYe3XuXvLNryhzPxfgSVJY4QwklVBf2K/cobV54KgijMSlIEdsmtVAkbCQ9eA+76MZZ5IEcxpGEW1bARZgYthsPKWbbmnU1G7dYzz/cSTxch2VnEeaVXITCScfk95acsksz8iHWh1zBLPQFYdqJAxcO0aLIC/ahUdSqJ4n/APnoFm8XnkdkFoeUMnZzxZTDIBkGRsPcjA8pmaSRYEAqIwglXuGUdOGy5GqS6teqhK5svipq16q3j4xQEs0I6ru3Unbe16e2Ra1I/wA+voqKg+HWGSC4m747/wAc5H6na+A8X9KET/idWpDV9YPV2hAkFapXt8K4JBCnEuPa2lW9RvWLXQQXOSJ/YEA073zR/wA6tTsLT+Gyse9ZQ+M1T9bCy/jT28zT0WgB09eBp5+Hn2uXWV/OTsRw/CyIRDW4jJc5XV1sUId1jW5t4okatstjlTj1eFmPsJY5HVgh19uzbqe/HGDccTiRupa8MgjleqEmjddruUhyxZuF45Qpvcn1mvafle52R4trLVTWSMUQAxpfveOVEEWSbDo2Ng/tyW7/ACy7xji1bQ1BAFFjZQpm03Tpmvq29g8EMKRosAxIkkn2F1K6Gl9zkW0ikY1hLaWMDEhMjM6Vlk2IyaQz5NOY4ZLUdie9YVqu05TNE+jO+3D6HgGzghtTaKqngvkcIwgZyH/0UL+E3YWiv44PwaQidhFMmBJnxQEyHt88CU6YTKFDlA9y03lO3xIBixlCv4ov4RxkRwQBUwAZ4qJWPnUcdtGQ8t8dza+fqQ5sLRc1QIqWyIJop23XSyeIijQtD6OWvO9DbaTeSSpDGp7V3VBQ38UG/Hs1U9Ubty0nMqvKZ+IekT98du6wv6x+q1Ey8Y44GbinA2B49Qdq3q76zQ963kCd6QAGjdT/AOOjBeDjvp3NsuHX9KmsAymO6NWVIG1syG/KvuV7Tn7AzqKNSvFSg4vZaDmVn4kmH9KEFxT17WBWhWNJJ1jEqTWsh11eB18mN7ZpQr297u9/stbwyKgTN7jTP4hZRDA23Ecf6jP7EF9nn2F6WplcWUiltwRQbrk8k5aKxKvp591sLo6WNi5e3sTCrTvYmmvMGltxVkhg2XMJ9VrKmo152NeIX9m/hcvquavSvscsyrCjyFEFlYoLm6nj2FOARwPYm3FerQqVoOyqQdiSe1Gg9+WY2trTgybad1ttug8tOs09V+G8h3x1Xpfw/jmSchMEFieWdvoR9eSfGgruWlRzLEr9Mp7ZQseMXZROZEIXwrgtLGFEaoy4YxHIkKCdlRWJAi8wFjcOPhMb80dTLJK/9WSfuVXb7mHsVvM+EZ7nkRXdx7FiG6DVUmzsn+FuyiafWgukmTHtEIM/pvLVpci0lsT88dFdc9T7ktLin/Or022/5dPubvqhc+z025/u/T30fl7oboGH1S9SfnhPGn8+L+nfaVn6j9XPV2Lz4zuPz47D807KF9dr6FuzFwCrPB6Vb/5pL/ND5qwwJO2upv8AqEmvvpFer2oIpw3sT1jJV1FGwm9sde8IGtNQ1CQJ0kKy22JEPQVDILM1ajBsuUM8hhn5CaNKnrIbs84lnLS3dhtJEifZGlB+uxyVk388NXXSpuLN/bayDYbXklfXwbLYx3mtXo4xYv56Zan7DiVh/A3d6HksXnM8ltiLm2iqRazQ2uQz0tfFWhjrKgubOnXln3uveWCTXTzz3PKOOsSGhStmx2exm22nhZYK+1TZbKCAKJYvKOSQV3fc+cFq5VaTZ358rzWHgjgv359XwlqmDa63Vre3d699W+nx39D/ADyb549CnSwAfpYIxM/HzZHZu4lRvHK/XmvwhbtmHnF76gIGkabydiO2jQGcHERRKjupZw0pmVZz4iyUKLGC0ULD3u1A2ShHXt11oCZPJ7cSj8qQ8MtP1BKxTOvG1xfkU+ol4Hva2359/rPU3cVf03kPFr+gorI/ld3Nfb8YrbC9L6Yejc4d+aH2OX8/Tz4K1qWz6VencVmLNjrrR9RuXaQ8m0Q9KYpdanpfxylU1+l4/QpxxL1vJLkFHknHXg4iua7/AA0OrsXLtbUUylOP7R751XTbeNmuUrIzT6y1NcntIX0FQiB3ESI72zBCsIkVWGx2ias2r17kM9OHwnHt0YIZZpM2odFnvxa6axdba7C5tJ0L7GwYorPVnhSIui33cl6SdzLN2kFqZRV4HxduVb+S1FRivbmErYleTLE6xx7DbpBFwvSvu54q6+w8Neyk0/2jbLYymz+u2IYf1OZzpNjLZ0tPZLFlqzHLDX1c8t2Wk08VCjLAiSPFKognS/bohLIexPsESOPWcdvXsm0+jqrPyFo4555rD/Q/Q/C/P1OEZyX/AOvqelqnrVfHiGXxRUVvN1BQBFcs9VO7PwW/15dMyK+SuqRoQsSglq/+eRnzhtSqMhiSOCaGJahXuVnBEXzHXHWN0DtPkwwgtVjMcWx+K1ePuTwCCwCILQJwFvuXj+2fiFYPzb6ep+ts3uUepNBrPpjo6L7Pa8l09XX+mnDG+59OPSiYwcm5+hmv7GexvdVS44dfTga97ckEAV78MSS2LMmMkrTwePtN8Rbj+5g2XHtltdfJBLWscI4S9/ItbFQhnt29u9+1R11P3rUp09azYvJx2ze11za6jU3dTTG4sq8cUMie7LF4osltIk2u2grvvd1cvyQlYNdxyt7SV3X3TsxCPBpdNsrFrZyzT2q2xS2LbW5IfNb8AoaiFdZxnZcasySTtWoRvZSaW9IrnhfHoOPavaXW81/ixYiSDdb+KkNBRl5Bt9XBNHi7GaN7FDZ2pPbhirWqXmrVPAvGyrxsmbQQTPDNJddRDIsFSPYpCRvIetjbaxFNt90mQx7DaPFxdKaJd0+nFvd3rhxv3N/B+hZVz4OHOTf/AF2CMu9V/wCzJ7YOMALqpzwBxT09V191ulc/hjZHP0vSzs3T52QkDeMhYxp5e2IIFCD+QB7PZLL5MYkAWu3Sn5bav1PRgX2m/nYHtacfc7le7jr9tKnlH5+F3Y6KxBoPSS3BBy9t5qUX/kWl97dbLSnmfqZv9aeD+lsArct2lmvuuN6AbXj3F6uiipCjrqsUKzQDJLiw5PZmkyCLyz8XxqzvVWh7UsSN1LPGi244p5q+1qZW4BoobtTWQRNyHkMlG3Y3826oX61GtFV0yQbMWp5tSOPb7aXdXwnT643501sQsmeIvsazSbgVam539i9kEk+1n1cFeBn4+EWCD7PU/eRxUZ9wa1qrt57vFriClFHAtlrUDSqsBLH2s82Gh3+4L07E3usWZM9K9Au+3vsAQbSOIRybegibnmNGpLpdZLuNvxzXVdRUcKXhaJzdqZahNepOO2cZYRVi4h7s+sraGpAj6zVSi7QsLm3EkFaCfpaRX7tKemrQWOUFFntz2nwYMYYfoQfq3XV7Z09dFtPUIZptndv0qfk1JhnJv/rtcAR037g8exGPHG/PEBxiFWEgtU6eVgCGAxvwVqyTMUWJPIrEw6Fcdt8PiIZJWIJWRZWj7KxqCydOqAqlRy0ebI+7bqq8dJsuhjbrqPcXt2vk+1Y+K9yPxXU27+uzbwLS2C2TgtHGssc9N9Lot/Q10M+qynNsZJ5oYrGTwmsauySzJPW/FP69SEqg+4jcSyiOFtzCpscmkWX/AJC6QJyl7s8d+9a1uqsSQXql2OxTMOxtbXY7qpSoW5YZGtUVv6SvoaEMUYWNfk5Xi+Nw/wBo0vKatR5r0kUWxnl3FX/jUKZHqYHlGteJq4Ay1WMWr2Iu7Bxp7BoVLez10+317YnHd/bReAcnkiT0z5E6RemG0Z99qNtRprwHc38qelEOH0i0D5xPTaTiFF9zVCbKtX2cKcO4v2mh4nAK/wCkVB+roufrki4eQ2sPIb2TzzXadh2GN5e7b7SH07hNXQ7C3LbklttXnl205z9UuEwYfihC7MowYv1P7dpyHWahdv6g3LOTzzWZWHS8X+dTU+KhGco+OORfCa89Ip+VIzzUNIQspfplCutRVEr9Oi4PyyJvGRgZXXuWUeT5GSZD8sZUhjV5bWTQmrlWUyxqAkkfjgcrFr2Zl8+lsL7l2Mf2ruExD712AAZGBmx/CK0yxxWnV6a29vNa5X8SJITnmc83zS7q7o9rxXldPlOraMIkOzildXV13VR9fsaV5J1RFOXiYMO2Wu0ext7FdjduVMkpcl2rVuGwQS1hYjm1etnpNX1xetrmKS25liymvHKri3rUj++1i4NjqsG21OfrGpz9d1S5d2tK7ko4/Is2u09metuaFWs28o4u9rRE8iTP+TzLjcsv9Hk1/DyLZMP13ZHP1i+2HZXOvvbLgTy4JGxXwPgP7e87Gd/XvDiKRp7cTiTwLj7Jr9ohEiuOIYLUzysolIgg7aAAG0OtVVct9VwYMP12/LtVqs2vOdrsWYs7MAc+O2HzxRSdRVHVU5y3443GOsphQrDwkC+DkIHVPuSw6aNQGplVlZCmL5AdEs0XvhyqBiIYFQI1MhpHB8IUUu7DFClYxEk7IUsxdeagPWoxeAmXxjK+M/yiXX8INaHLfwsasBsOiltfPFBmqS7uzajswC3SpcL296jDxrYve2HAN/rkp8O2lt+FcOtaTZPPPG24riG9qdmbeXWWehDuBWsry6tBVm9RmvRbkcp2d7V8a5FRFarKlm3RtPrRoEl2SXuOa5X5Df2+0hjPIdJryUk39X39dotgZYK8oKsA/wBOvgZ/r/xrnx3i4MGKcU4pwEYGzyGeX/gH/q7sYTFHTaKN3svOkMG2nLqwHZdUWEeaRA5tPw1dL5ZcGA4pwY7gLuOc6rW5uOY7bb/T/ZPycX6cT+dTVH9rnLP/AK3FkR+PISBWbybrPcVEDq6tL01Tyc+fk6Ehy3gsjujxr4BT70pPcdc9M3+a9pGW7aMMgXyFmwhWVOxbb4q1GX3J/LxLl5e/JNgpNfW/9DeIVHAS0fOw7sZaqEVJeO1pk1emQbbXC3QgkqPHZfa7a3iT3PGCSWCGXuY3q1OC/Ns0qp+mX9q1XVVaUG2r1W1WhFeouthafJ6jLHHA0eFY5YNrpbO5bQUqmz1m9l1uj317eUU5jD7ciu33dKg7VdtTnyI+QYfUfsGL9ADnR+v+voDgOA53inFOKc7zywH6d/Xv9kHf6ZeDMWzRP9rVsWOstOzLH2ZE/N1QBYFLy7rr7LWuC6/RTjSLGu35/r6Obbk+13Tf7ODCMP8AP+sOcR/9PVHVXOWfHG4hifEShi3bHPMnEUO/tey0a9xVW+fPtfEFvEHIW7WZwX6WGB0XFdVgRs975iK+3Hab3/dBWS15BbBaUujwUx/d2iUi8e7DEiLYN2lEEV+icX8V8hLZglL2azKatGrPJkusgi2aR1vFYVdbVmvqpJ+VVlt2doLmco5N1Q4kj3rXI9T1BHt6VDXbTl1y0g0Jv1YKGg1aV9japVq21nuiGL2Hluxx5yWtMY9le1mptSeT2deVTZ6uRJKdPt13yLW39be1ParbWEQUUbY0/wBMtOw1Gww6q+uWFeq/3MWLNFnmuKQcVwMV1wHD1h+gXAfgjB9Rn+1z/YODP9fsP1rxoNXc6LV60tuxOBBFYshWtWDM3+tfAfcVA2VFHv8AKdoqLpn/ALpcDYM5Xtrt3d4Pp123zn+voehgziPxpK/xVOcu+ONxnoN8QQP+MnS515rGO5bTA1v8M1oPv+fbMPFpDkoZGrp4KpaWTy+Wb4jbOmdAvkreMc/l0nWI3b9ELR+bM6B4K5BlJH2t4F2o/CHJHCV4A0dauhFyH+m7eoWsqPT5Fq9zV1saB1f3jyaCKTQcCgqXz+ia7NhDqKua2p9vbXQ7O3C8nHNbOdtevSycZZIYt5qdes2wv7SrHy2xSlg9Q4nl/wCYxGrb36yM2gqIbEBBoof13VqkNeg7GO433Nx4PBqUipV4KfPjHRDU2jlhsSQwLz20tueUkKhPiruM0Mj/AHN61YS99/byletGhsdrfjxd7tRkHINv7sO82efr20wch2mDkOzxuRbMYnIdrg5Ptu4eS7Q4eT7VGTlG3bByvc9/8u3WDmO9xua73G5tvgrc134dub7xM/5tvOv+a73E5rvDmkuy2eG2W8zoIlr0b1hWeco+SHp5BlXqOCEBFosM3mxMvJ9E/dzBi5vwTv8AP94fp89fH0Gf64n8aKsP7XOYfHGosYH2qpDV2btmcJL7hUNIWiY9iqCJ2zsspBGRlikw7En4RKO2CDxUFV/zc+bCRVdSCMT+IsmB8aIHvWD1WSRlxT51bwJWmD9q2X38K9hPajhBM6xk2NT6faSkkGohE9XT/aZGnguyjE+s9NnKX7YtSs+ogCX+d1dGkXLJdhZobHjdaKbkq2gaKTXPfgRb9Gperni1eWdeIyxXl43KVr6I9pWqwNb19DK2np/qdPvwNoVNKiOizxeaqoFfgHY478ZTMUUV0RW15zShpDw81SLGhYrqU8ZNoPDZ/Oatu6O0B8chbxljk7XzGBuwpUAuMWT8FbtoT2zP+UT/AIqe2BHf+2xQDF1/XlPcgHz44qZSgapxdqos255Py2DkJK7FjGzy/k7gKYlcjFRYNU85m5Vx9u7an6Kc3vzv+xin6N0fqufGfGNnFh1oqy/2vQGcy/8ArVb5Eg/Cp2sR/lgDip2Paxz4rr085SfEr0R5dt5ezPACWeQu0f4qvftFPbUJ1GWU4UBi/mNWKNESWk6C6v5S519qpyu4atsHC16LdwEFhsH/AKFt/IMP64PjNDLEV+2ho1qMqTxSQFGaMuvEY/tOWiNhnMuQvSs1q+w5TvNvwjZ6Shq9TZeWukFLXNyO2mf8lvAPyrYjDyza43K9r1JyfaPmoG639tuPpUy3BQSLVtWW9u+Y67jr2/VDY2qsW7s7WFflJlEdDhGxKU40bxKZCOn9R06qVz0wI91n6bX9Btx3+q5p4u9fsx3FinpopgME/We/2omCZJIMQqVWQjIX+PcxX8Y/d6k8x2XwH80YBVf+uJfOWM4rAtq6zWtte/NNdWVIj/MkRkU1HDdAmoiiVQpVSHl5beXWaXUuTe48/wDdBs8sVs3nzvf99EZ/sgfQ/QZ89fxnF/8A0Vcf2xGc1+ONVgRHI/UFP5zrtSmKGdR5Z155QfuWTpWQho2ITGjE8cp8IyhVVGIPN1HmCWKmBTiMfPwIVQS0LhcnYe1qU6q2pzJWU5XHdW4ndWr2ETstcQSLMhkmb5ZQon16TGKVxDFFZr0Llewjp84pNL1R5FthqtVyrdSXdjwLl6aW0+6120gqot7ccj2CvLJnbPkw6VHwhTkhCLxelBq9FySPd27tjj2zkad5tVBxbgAvQ1+J6KA8shgh2sf+Nsj9M4HT++QJjA+LeolLWXuQ8+p8uqpJ0td2KmQNlCQGTfDw2xzQnvWbDr2j2GJxXz3Dnu/AfzV5sWwABZyOyqxicNizA479t55555nvsBfPxnj/ABZHzy6HE0aXlNpfGuW9jWW3lSq/hlywkdJT0sKKlKMeIpkPe9SNiEg05/vtAerYfFcHA+bj53nxhJLf7P0bP9/7X6cX/wDQVx/bHObp3x1QyCRP6FcsJVb83RhiJ1nkPH3O1phRhbziQAJ/uDD1LKhLL8jIz03/APPzirE2dkSH4IbI+gbTd0taPCnc8me5WEFWg5KXW6q138UrnuOwO7XgCzupMn9OGPVOqb/Ue3ptBx6/saNODZUJa8qunLH+w5/z7kjWReAKzdh+GUrJyHrR6QB5nnqTwYABkmutypLUtVx49hz1ZsbFNZQn5xBNjcrFmXbI7Yu+5bOIdNzXYlKFqkseTr3X4reFK8u1nCXOVWaSVtFLyLa7bRrqLmj1h3G2X00aLOQ6xtHsddIfd5AP/lSM45807/xEzfngK4fH6RtjuOvcGRpNMY9VbkD1LlbFnkib7r4WcFq1K3bVi0UsSST5LqNj5zJNWljftQQW9OoRPzjYFnOwKRieyzzyKcndDa/mSVB4idc1Ssw5tdktcm0rj7/SEpb9wYj4rZtyF3Xf5d/OFJWwwSge1LjKwwZ8YD+PF/8A6/XH9sQM5v8AGgWPzyX4irkJP0WX8nZ9bdrwshfNfQs2Xg1l0SkOMjBxwVALICjHJf5YeKRIAAe1Kd4ydZ/uShaxj8R/52x/as4jo0wtm5uEZk1z+Et1C8Ef4RU5GeCb5vQyfMP8oC9G9vblartdhsbWn4TuYq2ibb6+zPDt6cFXdWKuw3u+2E2yvcdbUV43n4b7GjpQ27282H39/UTxxWdxLGKWoqLFDe2lWs9Xa1JzbZJpodYltNrQilifiWtjy5qNdUXjSQfrX63pax/5po0oXrqbNM6VxqVEs+5gRKS1nIgu3IJFv2dnd4VwK/T2UkMXs+o0I/XaYYT8jHWybOOv0t5v6Mn89532PMLnn2IoJ5sh0j9V9ZWTAiRqjjxZu2apDPk+kiZp6E8LaezE2t2ci7HfQ/bUKk3JqAfbbeo2vD+ODj1cr6YI8vKrBsizu+Zfa2Y+ZQe9NymKbBdWZtfbWCzLPDKzCJY9Xdlj13I+LX7u8o8XtVreuo/ayj2fGGSoXM9ULNpaN+8eOOmR6Sd8/RryCTUX3z9K2Iw0rldfCxih2wRxFvtKvenggTXR+IjPiM5VDBZ1Caym4k00BiTRKFXUMjVda0V+aDwrabj0072AKKVLsQbak2J9bRazNttalKFGVJEKhUHkv+Sxo2O+DwOBQFPy1j5hY4gJe2/nmxPhBplJzbzkLSLG0/8AFgqk+vb+2tM42fZitKv5xwg1f0k1qu/+ya5yTX3q9SnYtUn0d6/bqTOn2u2tJFsY7URbRpqVrTSwarR5SqLdsbDXR06+vdXobLVzmVyY5tbSjv1mprRpT1Fv6zanZ1otPrNpetNxKLYEeld3DwI6zRaDXSXdKujr+L6Yo+njYX79WWxR03p1nItZRr24p5bN3Q8/E8/vgZ6kw+d2CGeJr1WrdmuvVq2I9nPWcbNZ6sky9pFNLkWrsPkGhQKlKnDi+GN8ReZx5eo43/En8lGN1llMoaSveow66nQ32y0Rt07+g2euzzbIOLwWXh4BQEGk4jW0MDuDNuqWqin22j49PSn4FSqQT8arGCj6eTjG4FRy3w7b0W4/q9itLkI5DV3Guo76WHaXbOp1sfK9jkHItjJknMoIJYOYa1lPIqqZHtNc8o2EIjs36kTryGgijk+surBaeZW/UpY5xsacj3YfE7RIwvIFCnfucu7mKSr9/perVqJ8inKRe+xavFZnls61YK+issY9tVnstFK8DUyLdqrWWpJaQW1u0hFVpxS32TSB0m452skC1pIq1S1Mmp1KLY0UDtYrSVppwPYhglszpoIAL8UP3+yRnyrAIIL/AOEuqj/uZFJGxh9uXWp1SuEJeZR76kvDGSlS1et2a2849LJc0/MKdrjGn4Zx01K2jOtv+pegFaldRZUXX7Osaf3Jjf8AqUFXNSvV/eHqrXszVJItzA62qla8ky2tVLTsS2dZU2EqUX31K1Pa3FUJR5FLrL9D1Gr2823JrG8tURFU1Emztu77uaKrrEZ9xW1Wu0Wtq1JJ39TInbc0QFvpO1W/D6h3/f2W6g3qX7X2kF3Y2bsgqSvn2xVo0h8Z0hRNZO8jTWY4kmu2XZpXfK08gfzLRBsd1Zlx5VQSbavC36vBI72Yp62hY/pOy+NvQ3EsCQ7KtbGy45VurwfW2J7/AH+EUkzJXVVblvIZpduN/f2HJYJBYpUqambZX5YFbabaC1st3sbaaWzsBT85/utnyAURBvIAU5LGjR8lgkx9nqHfpJ5W0qWY/wDjdCBv+PWZUm4xd6k0tMZ+lUsoayKpSrXW10Um+glxrUEmVHgeD3LxDyz5aMF6CHWVa09l4oWWect5WHNWrba1fqWBQp0rjZBO4yJaNlL0dPVNrNzDNd3W6arBJynYOla7agq3OR355NXuZp7G/gWSlqolrUL+7nafX72dUs25bc0o84oK8NCC7tWuMqd3pB7mxX4Xbonu6v8A75m+NoAUpjw12y+HnITGHs0ZD21PTbSe5e0ftwQ8P10V5PtENZ6DRepHI6BEkqRy8d3c07b6tUneHs6kDpdSnd7fL3WWlYNaVgV0DSmPkMig6t1Os1rD7CvxaSLcz6FitXSw7S3ouD6qA7TTa2psYIGs0ipDGtLZr6O9HX21WtanchZU9Si6byLp7zwPPb11ZYJ9xtWqT1YZZo1AijSzAa0hxIZ52q6dIMt7HwYOZWUs6iD86VasJdld11uBvIAhnlltOiEeeMUXGZykRJbj1jrUXw0m8sU5qOBHllWeJams1q67VqyARjxg2GxSpV3TtUbiVVIK+tjaKnTniaXaVCDPAgUUXizR1jNViMUt7a6VHFmj7GScdlhZtIglTUxzAaWsZBrGAOsviJP1uJG2e+Rau520Io76xPPNrtJZiXjXGJcXiHGcfhOgfE4PqUTe8Ui12sj1dWCSTVwzpHxym7JoKEeJQqo3soiAVUn2F2JaCyrdae3Gjaez5bPdSqNVopWbY8hDGiSRiETwTwtXl00DT7HeSCPVU5Flp24XrWNdBJZhcFXkYRxQ2YNhXuaxqcsIHvVQWuHsrtixs61+rpIdNonUFMAUtknm99CJbSeVYqv3n/M91Pks/J7K7aPlezq6zj24pytp7Tpy7ik9XbXpCmC41Z9DuJtgaLB9Sq5rOlub91Fepu68qTQVbGWLlWjHeuPcnobMQ3KEUJocj28+vt8Y5HLs7+wHs5e5DtIYKdbcW24VtknWetBLL9zDWfTVFh5NV2j2EMk4l53QFl6vHbcTyVa8AvU7pgmqVb1GWqgw1Xla47iDV6yezIlD2l2EjSPT1M2xs6TXLS2SaDWPa2/EbWuvxaHzz9CtxPZ1d4IKVaOFteZMsRmLAjHPFkXoBtQqDT17z1uTwPBcgsiOOfhlaO9tbViGlV1Fs2dtPDAByPk0n67UtUtxKmko1DdRzFDFfp2Ybs849hkF7bqlfTXyauyuFL2r34lTawrdM+xDmLaE5CkQjEXU88ShVUBUVZ1ECT7FK3UWtqGIHtmhVs6bvtvH8u99t211XZbdXuHkKpg5MyK3Jrj4+7vurX7L5BNI1u/KpoazbxQREVbil6tKPbbM3XqWmqWYbNW9BuKVeGhqdytZGFW4ktirQj2uza/NqNwKeIat5IBWpVtncityzyoakFt6k1a1XuQXaC0pKZ85WI8dpGSmtI9+u3cGz+alL8q1gmS/eUvKxZHBL3E3dqWL9THS3oHzZJDcyjdigO5etZp8mj9nYu2cUfw2et/OqqZKBlqLJF6afpAWXLM+aqFIm1lmMwVtfTsNS1kVBxBDG7bfUVK++5LQtUODkC/s1EduKT25Y4JH5E+71tPW3+b6fTw7Xmsu6naUWZq+ss28k2sUWt87X29SatdW57sMutoT24I4oKMNiezNml4xDv55OL1fdXjUYh2GitJVaKxdlgoNGz1ZakXHNzWKcv48OPbNXMUliRpjFCaqMC+ePTQ+NlOIaFL1ze6kT6eaCZLvGNdX41xi9smnn0qh9vz7bw6vTPO87L3FLWuz909nbQLubaNV26zFXimY18mrfh7FfHgrlloQyK+riONrpY8WG+mGzso2OztpI+9yPkECZQ3NNBHuYHynF4QGPI/jGIXGJ8ayKr8jttYszP7jn6jD1gcYSMJzyxiO/PPMHC2F8Y4rHCw7OKciB86xHsEg4v8AMgyFPlmWNK6BIpJQjSIs8AhFaWqQYti/gNaOqsQDbF1Z7X+VmAF2g1Haw66r19nRMVHWVbUWw49WMXNNhc1M+yna1A2ccPW40g8lKFMpgrbs1azvarRR1ttBFACgFGzxtptRW45SqLrNLroMrRwVKjRrZvbKL2rfJNVLcsvUhWDhQrm5yJKsOxkqxJa1+616iztZ5o4tf7tqwyVhWnYpatLAuxOuNNmktskseuVE+6pKel2MLSNfNG1BHx5H22z01kS6xJ3ijiSNLWupWpdlorEMD3YUr00FRtlsUs0L8767a0dZN9rZ85MsVfCnIFKaIwz6TR2tdAXEX3Gn4wl3ltzazy3nnS3e0DRytz/bwX7k8FKzvvGolHjuzEd+lfoT04Rq3gXVr93Ugieukxr12ZpxFGpmBqNWjs0xDNdr9HYIuLsUKreV8jsIEkNYr4UBF9jqZE03HaT7CD85FUdrnh5CQeGbSdaes29rtGxh9VxhgYo2x+0M4oQKzQwJrqvhBVr29urwVOq8VWGKdPtRO8Ff9P2EMFaaSzK2hanRSVKFZnjr1oIBQhausFKWf7OJWNJZckrwwpsbrtGB4rcn8bNScvmwGa5Fkj3EBSzqnYVaoHu+ZXA5EVGNTm30sM7WOPbcZruGchtpq+O73Ub+QVYanqrxGfkUF7XWdfVIzjiB9/qq3sXcg8VnlWsrQxvJatFpc1k0U+l09mudGJ/NtUFefaPFWbTR9VuUTKxhvVkN29oOuD3ddV2Oz4no+Tvf4BtIrL6WxrKosq0cEsBaWzFLn3sd+xrAbclpI2lieCtV7N3IcWasBJNLtNx5JG1fYui6W/egTS8iR2uXUTNXdisraqGOLecYq3skqLra9W6Ej3nc29oXrUFEok89xB9tXqPZZLVCnrWu160Vbazz6LT1Hq68pEztXrzZyLZVePaK7fjvQXZ1n2/JW6tametUswzUo9fNNTfXNuK6T095DRFfkN2ahZ5pLrpxzih4UOU6WIQbjWkSXYJVEXtoruc9yUZ786Y1uTPfYkyZwrXmpo6kXQYYuNLiBnl5PbEkt6X3LA7w50cP0Y50C1iWhZkWy8+02r9XallIhBPRpyx7BXWW3H7wsVfudKGZpZWllM9U6yWxSe1DbqJsYp6tiNLUKQw1IYryXFCPYrsxtp9raAN227LFcJktUXCWZ0801/QW/Y8rNCApBWXzVvIpOPbp018V4Pwq9x6pH7cKvsIoWXZ1Zc5dGkvENXtbGvfe6rR7Wnybi1HTxUy1ezwvYz7i70FxMkTtbULLjQ/jp0AvcblUN0RLqEBscvf7a1Q2rCDcbaWa+q+Ue9QLBx9AdnrKzVRT2dtFg3KtlrU8X3As+mdBxtfTfklXJ9Xs6ElVGrUWeKDI2S7sQgqR7C8zhp5521OrOv1k0gEv3MNFBPYla1OlbE2DWZddvRUendTYV9jWSym8ml6sSRwZesI+w05Z29gQ37qJNBDOkUcyKBIem4BRn22/C4x+nqVu/u73RVi7Izu0rnO/2Q2J4MZmdhiv1nuYHYZHbnTI97bgb/lNhsj5FHLGN3RkVL1GTNPSO23MUKosa+CSHtY/8ScEpgr7u4DjYSB9FGMPoesYHD+OeTKWcsT9O/wwYkroCPqpyE/mOgryytGHBRR/VU9YUMm0tOAlCsJcZ1W8g7gR/be7096FAImfw1PSyS3JTLaVAsKcd2b4vFYjkHHtdBiwxQruL8s8F/iUX2EwdK9rX0tvmy4rNWb00ieDkUlcCZIMeNUWXXPNHJqpsFU0NjQqyyb+TW2RPp6pVua0HkuJBKgtQFE1d1JIn1cW3Or1epoMHVhHdgrmGStOFQ5XLRmK9YQNchnWbQaC8t300gcLwO/q22cE9Vb9qtENHSe1PI4nGynSJHnsWbS1CkN+sY0d1RIXYR8c2F3VWYdvV2FXcIl2LkUsumMPbvTYxI1wo0ZnnlmqvCxdlWeSYNwXSfonG/H48O25Hs01mpu2nuXSx8nHk2MjZ0RgXOs6/Z/vO2zs4cGALi+BaJWfPSjSFIIRnl+LfwoYYo+d5ZEMG2m85evofp4Z1hxvo30bvF/mTx+h+i9YAMC94oJyBP6vyMYHP4yMZ8Bqg7u35mE9OMpTkh9uenIHqyITLYH98SEikPWqboxxspmgdznnnnnf08VObTjmv2ibXiGxpRWDLUa7sbqpxrk8NDZTc70aPe9TRUgh9VN/enl3PMNmz8d5hdzjXCmbepJFGqzRBFsrnnFKPtq759jSbP0fVueYUqtQbbkUtfaararajv7TXxMuxXz0HLmSeH7FolMS595B3FI0qzyzxRx7uzVROR668l3hfD99i+nq0617jm4pDZPMJ9W4O4qFXl3Dq9tZVltQwh7dkPHAtm1rp038F2ly6593sq8a5QqWruU+L1oK8e5/S8vPYDOrZxDhU1q+g6VEzxL56lbv3ZpE8R4MMIBz2HLCCUxGBxhiIBjzwwjodEfsGdD9nWVKk1q3pdYmo0qfC/wmMBkYVM2t0zZM5kkIz/edYBjYxGMMOHOicPeHCMPf0BHXxioQuRjK4DyfwhBAYZCnSyH89Z8yWO3tO6QQSMzy6tD9o3wjkPekQtDN86+0fCr7XhUrghqWzrX4e8B+nYDF8JGbrRarbGbh9rTZudxxFJYt/qZsS/u51X/mb5Pr+Symbjyu0NSLRX+PchqbuJmhGRqHRIYlCYVmJEViJ/UHY3YLtp2eXXbCaIDa3Kttd7K68D20uzNfWRwwwT1fBNhn6nKmC5mzg92WGq0ZETM1F7UGJtLSZLco3Em4XxbYsnD5a8u24tsaUFirNRnk2RRJd1KMn2fv5Y260q6mWzZ4txS9sbMNAxVbVma3c2U/vyRxWtpZ4/xSCgKlSSCP7lUZJgV2l8UdZs6mz2NxKk1m99lroJFiSNvfjidkhsLNSrBzp1YDTGbJdQIcbXgYdZMWOulDPVCZ9spPtAfXsfRSRnpdrFt784rBsY52VzzzZE/p28nPhjA4F+pGMMYY/wBTn+yB2w+jYgxvhV+E7GLlL5seIAkJbG6KxkrnXa6lAkFGuryXkd4wO2oJ41VQEMnjdVu4rEfVWQe/LZfqKu5YQJZpS0OR+eQzq4aT8ZZ/DNrs3gjTdzyLb2ksEo5DchsS3Q54bt4dVyx91rIon2uuVNxzbVVJ7PO4ibPK7lk+m921e5Z9qsqSaSUNNR2KZb3UWvebmyIsvPJxm55dR2tW1ArQUYFjl2kSidO0l9O6NCroKk0hgEDpHFFLiwIuClCwn8kM1f3K9S7Bj+omlhuS+odeq59UtdPDT5VpDYg20qiDbSust3X2Et8N4lucv+jUDvsvS/kNDBwnZX5tHxKLU1ZNm+vk2+xra7SQ2WQarjVzdWtZpYKEVixV12T3prFmLZ3olq72dJed7WV84fu5oqvt6nYRXuKcdv1rXplVfJfTrk9Rrek5HUP6ikS0J6Hh95r3Y7VoJ4bzXLC1bNstWnkWWtajlELuslRkw1WC+wTns/l7BGCsWzgWlGk4sr95CV+jdlUTt9tZV12M/v2+sP0+foe8cHGGOD0y/QrnyM8MPwxGIMAYYR4KCfHFyghNontWz4CHOwIoeoaFBClZz+DENLRf+zrHJUYW6spkqTp3WUj7q27Bq3wNRyXDEjrRuz0pKWxr3o7D+bmlFPFe4+kbWKNplsaUPFJVtVlt8Tuz3v8AiGxyrruWzQJ6Xcj2stT0Qtvj+kVWrmj4dDxi1W5vUU//AJG1mSeommz/AJtpBK/NOOyhNzxRLE8vFdvNNwCK3a3fAN1BO3HN3Pmp4Xf/AFOjBWr6uaeR1ouwow3TKoZiscTeG02FWhHd31jfPu9jRqNf3VnbyLEvteDDBCoylds0Xq8olpyz+otadJOT8k39+pwDm99P+Gcr0xvJyGncqcrrPkdyG1BKo2aUtT+nbkvWpxbbmfWcY3TWtv8AQEjN90YdPrli1iyNFizt4xW2DR3sWxE6zezaW/wbSbHXXvRqk+Rej+2M1zRcjCWkv66SzbiR4Jw+exI1Xqq4k1vbrVox5+jrYz9CHv8AGeITXN+f8QO1A6VHzzySQwVdvOsFXoHGOddjokYF+jDGXHxsb4JbOyM88YY2LhOFvocjAymAs5wkFT3hwsPt7IBpQEhZuvb66aoTHr6ZbLIIt0AP06aRvYhHVuJ2M8I/BYe31m3tat9bbpbWKOt44tqWN40aRViOfbLhqROraGozNx6gskWsqxhIFUKmAZJShlzcbe1Bsf8AjSbM7DVy6swpqNg3G/TaK9AnpFqMPpDqOtZ6UQ0rM/p3QupW9KAlr/8AFOmdKfpStW8bDa6e1sy+Sbv29dW28ry1eSxSwXOYRUtQ28njobXl2y2gDsFrTSSIj4MWcMKGugSPbGxtuRaXi9HbS1bXH+MUt76jvV1VzYbC9O9Yx5sKBsY4vaebW8p2yJxjm2pXWTQcV367L0p1F3J/SfkWstwzrKwGN347yRDsNfUlmgk8kb3l8UbElwzkKJ2ynelRv1Byotq6+/0PM2UvcL0G0E3pTxgwXfRuzBmw4RzHXIJJq0ke7q9i9TsZDLeOcF1hg1yg50AmMPHAO22Ev9ffTh7HRGfJbApxs6GH6MMYY+EDG6XPnOvFv2MAQCPE4CRms+bHR8JD+U6OGV2cR9Mtwn2k+EkBZbkBgtSHwoa9/Nb3kk+u+KM4JreZSyrsZ4ejErlJOg+LLNVl0XMo5cdA6CeWsKO1guYARgzrPjOh+3klUJurGvYY9C07w8O1U2La5Nxd9Dz+pZyrt4p41dXxoEfFEqZ5I7MsqpynQ7feQW+LctqxQbDb0Yv1+Duryus1zl/sV12d2e67BUdD2obGYFlHuGpVSmL1pYaXGwGNXYvVu2tvafZU7rX5e0Kp8NLF+CbqGpeuSCOxpJ8r95WvW6gT1NME2yuyvyGDkzJh5LVK6lDveZxmCHc3Jw86+WByEWXFk8s8sV/DFnxLLDBO2LZYYlsnFut3Fe9xUMLtJrqtpb/BuPWprvpLpHyj6YW9Vs4ovYgAxThbCTkJVA8xFWxK08/X0VQfoWGHDhAxmxhjKOyTnXlh+GY/UDP5U4PnAwwjNWvjIWUjpcnHTdDIfzZv6llDnZOWo1eOxEx1mt7aXZj+hQBWjI7/AGKQskNeuYgg8Im76X4yQEq6ZqOU3dIae7qberI/g+t5I8Br2obUff795pJ7bRz9s0CnJtepNO/apNd0+l2+fpnJOPZqPUOKXKHJaNwxyJIPANgiRT2i5a2NKlFJv9XPDv4Keygf0+W9LyZxNtV1gLNp4w0lZxJX1Wws5DwrZunhBqsgcMvKLSijo36rcZrVn283BtRsRsONPx6fr4BUrIxEW6pImw11jzh0tkM2v/rR7qFzSr1us3yLFtUieVFIGTyd6Acp39MVefsmVOZ6OysVuC3F0c6IyOXC5xXwEDA+d52cUnFnKGG23cVxuveVsTp3sO0Ef6jNn6lWxLNaTAnmpRhmy+YORWfbq9nGP0+c/wD5+h6xsbG/ls6PbdhmAzoYRnxh/nCMA+ip2ujuz0Imu6yzi66hONwLOqni2MT5SlWSWq/m0ILyELjgFfIHWUUBa6imhrSz6942NAIsbyL1Co7jdlkjUhkVSVKdNIBiWZqkur5XBdbKl6xSl1fI4Lf16/Zs9Y2wg3nFd7pbVDk8KNGVlT2skpK6pJf10lyTTbpbmq2eozS8+s1nm9WCE2fqntoUm9QdvfWzyUmWbkEZY7u2JRzK6YNVNBs9xRezanEOulzU1LSa2tDvdtT2Fq+KVgTIleZjFu0aWHXIaSarYzx34dvtakVzZXdna9r3ciHvPK3ku3qSzbPV8Tv7G0npFyalBGN7oc012Hb7O9wDVWqnM4Wi5NTcwy5SlT9HkQPXqwLIut4Jpt9St+jzwGfQ880mJzDZUsq8v0lrK88VpSHGB8V+sV8EhwT4GxXZcgn7YFzkCHL34qD+JKOk0CEeBTHu3K0Gnuzb2Le2ff2Px9QMIwj9jfDMMc58Z12GwLgQAdYc6xh9OvHF7z050FLcam/6ZRNl/gm7pZsNfPBJJRifFrzwZDatQLV26qItpFIzyKYEcPp9Zk/Xt6tzJFYfxjbo5bXwjjjBilqwbet7uI/yxxv5sR5aBTNPyexQFK5WvwZqt/PTNO7BdiH7ZYVnj3nA9btILvGN/wAWl1/K6s7oA63Ub7WH2LC8i3Euila7d3+13FPcaq/sbV+3FT1dy63/ABhq8ui4Na3V7XehtXIPSDicKUPSvT6y/W0Gigjo6mprsfYQxScq5THZl8AcnqiaOzrpYMjrpbluxpWGqgW2sNRXaaE176SKQ86R4b6Tng/GNbs9LQ1y6+BXcCIvJl7Sa+JKhd6vMqTndR3BNXa+RJrrfnFHdgMVMxSRca2tWrTg2NeWOOZWyxUqW12XAOO382XpUkBbVc51Cf8ANNnUNTmumnatsadvC5zvFlz3Pxhl+aCGXJfGMXpw8STEKsvSmXsM48bZBq8Jm9vR2+xewjOhijPg4QMYYehnWMBknQwjCoxsKgDAhGFM6xU+ioArfligZ6SQBeLNCrK9bL9GGVdnwfRWjf8ATaymX+LbihjR9H2lVllmjWimyta7W2QkjSJMNcR79oB4IVEstwl7ll1hrUL0+vsd1t/F4SxStKFxiHxmbxt/I7OUdja11nS8pq7TEytYkry63kKTYrBlwfskhSdN/wCn1DapZ0nIeKS0OU076/p0yNzmBzW4b8ciaD8OooRuavHrayaTkVWPR8uFJ9TzdHyvuIpY+4rg9sHPaZM5TzrWTXya06hK8ImuVVwX6Jx7dGrdv0tvtn4z6ZXoqtvgm1hh3HHt7Amp9Pd1tqsXo7EktLS1dMqw1jgiYBSwzpTliDzqiylJ91tG2ewd5YbDBmfToqS9/kj+OVtxdrNq+d2aba31F1E+VNvSuo86lZH7axGywQ1ora3+DaC6lr0sifH45zLT4OV72hlfnOsmynuKFvI5Olq3Xiil2Tvn3Pm3n2qtnl+X85ccmtxBOtJsf/3wB9PD6dHCMIzrGGMMZMKZ4AYyYEGNHntnPAnCnSqmLHjoMC4Ac9LYBFwplwoO7cXnBPEyNEnuNJH/AFNlxjWbAXvTKnKux4JuqGQC3rJ05Da7W5orWV9cxn2dW9UnpyKZoFE1qT3r1tWGV55IJYLVfdwXK0sE8j9sHGXR4fRk8cUkZo+Xy1cq2obUCkZQ289JqWxgurg+nbeX0sVYLcfIvTmpfWWlv+LS7/awbvWcehaLf+OSIHWxqq0jQTW9e1l9PvVm4Nbhwbfc8eOk5xFZyhyWKxibCGfNn6Tca2k6ej6UHv8Apnt7iaX0t1UMB9NeLvBpuJ09CnkgxYIiqe/2r4iQOQrjOvcwQrnsJgKJhsRpljbVYF/UI9jynmFGHX2xdlikpXZVnoBRf8/n3cWZcSdcEivkNmWB6fNd1SND1JizXcv010I8ONadJEkXxUoRLWikS7xbSXVt+llGdZeG8r1GDknJtUa/P6T5pdxT299iAysRjHEchbbg1+KfGivhje66VR+K51gGMMK51nWEfLL+Lrhzo4cAw4wGeOKmMQuEd54YEzgERh4Wc/lXTySxB2/kY3hLyZMn4BD5lTlyhSvrc4Pop1uenN6LL2i2msytt79NV21aZ9fuOOUovTzTnY7ZTiNkLsjVb8Gzg2mvmpS+Qy1+eBOl8SVZCPpq9vb1E+j5JT265E7xPQ3veI6yKP3XNfWvJu/TKvfal6MPVtXuL260DPPWkV1dOj4ywK+K9ivkexgaOxxPS3sJ5Fx59TzwNmp5lE0dbeQz5H4zYIguewmBJkxpljz2FfFSZcl+6EjRqcLoiybCCLLnKddUW36kaqBL3qplv1D21nLe8v284hcne96lpSlvX9I1SddZKGhSWK2xIbywn6LO6Yl3I7SHFkxSpWrsr+vyrznZxZT53QcUeQ6y2TKJVB8XiVgfMZJHFKtzi2mvZqeKUdDamQI3gxxV+CSDb6MHFPjSXgPvuvx6P0X5XrCmMpC/OdHxcEYuMBjoOvp1+Pj9VHQYEtgGKmcTiEXFSPp/lk0YK+ERMfiYjGr4isQVOTDpGqRGJImEFmzOktnjum3GW/TSugtcK3CS6XUppNKBi5GelR+mobEWYNrqJdc8yk54fLH8QveNEcGKXhk4/wAzOQzJMi5Svz1TT2MNpe87/cw7XkHGJ9lFutRymjLV5DFGYLcUkRmVmfCA4KMjR7Wesk2u0W5Eug21FqfK7Oul0/NyUocqrTrXvRTqCpyRY3UzxRi1vqNUXuf6ysbnqmi5f9SNlZN3lG1umW1PPnZbAueOeGcdslIvVHp6iHwZSJprYC3XPTNjfT/f0V3TEvSJkWwXI50kwv0ocnKu72NLKPP78GUef62fKW3oXlY51k3ZjlTF/lgMKZePUHFel0lwf3gGFM8MUYFzrHHY8MK4yeWKnjngQzg4yYVwDCMC/HWEYCQM6+VHb6BCnHW7DlPLHJLSD4kj6WMf05UdGhMyt0xFlG8a8Ekkfg0GWkjkjgq/bNJC3dCFRFM4OVeKbS1lbgMrZBwrXxZBxvVw5FQpxZa18ViLfcdlosVUsy/RT8PGMIxVBzT765ppdRvKe3iiORsVyps3TIpkmT901hYMtTLbTZcAh2MWy4PtdJZq75qrwzwWoGj/AC68WaMNjVlfFnkggsfa7OCbiSBP1Hb6jNPzRlweoRrVbnqhsZcu802t0S7G5PjO7kjADnWBcC4Fzo54Zr/OOTnkon4vkHw10g25viXrP9dfuGA4lqZMS+QUtxPneK4yOd4Wo8r2tI0/UqdM1fKKO6xp/wAwPNl+mwPlFxV1fSXF7uBSMVM8CWxUJxkzwOMvWMM6GdEqVwjPDCM9vPDCgwIMKYyYRgHWVY/O1QjZNbJi/KlMkPTSFRgkwo7t4LExkQMqhhAfwZ/cKsGZEjIsBVrwAJUk6Cx7uimHkWrx+VaoZLzKJc/5DcsnSzvPBYrRW4+T6pdZs5IvxbFGHOg2KD5L0Whllry6DmqStC6uqZFK8TV9ir4GDf8AgmrRWE3fBqWxTa8C2OonTfW6T1bVa6HTAufiVeEPjmeJZtnDGu4s0u45GswBc6+vj8j6AfTr61R3NzJBBxNtjrqDWdzFZyO8LNqx8T/TogHvP9dZ19Pn9ioWzzMWLbkGLdifI5VfGGenyd7RlJlVGTEHk3j014f0eEuz6C0nc4QMvtnAvyYhix/i0eSLhTPAYqABlOeHeNHjJnWeJzxGMM8MYYQTnhhGaiL3dtGeoiI3wRL37GbAPCq3VcRWgXjnQp7iHJDEVaVkyF3KvEVarijtrQdIQCzyDzl2U9ZZacDbCSnw/YzZBwqFMHFKGUdfWoJDCZc9RYPCy3+DqOv4zyxXxenzw8fo3xLo+U3NO2m3dLcwAfSC08JgtpNnf/glginTdcMp303HplLUyDZberPSqQW1bUIBPBJWdwpG7AFy4P6NHo1evoB9Ohn+sfQIiL9GmRMp6/ZbNqPp1yhE22xO3n2+lR6tedqs9VRBs7nf3f1+M6P06/ao7PmEw952Tmm0w2Y3OlGsGq196/nAtLDFel1L50QY3XzUAnaJ4V+D/PHJUBlKgYB3nhioM8Mgq/cz3aAphosCYylRIAM8MCElkwjOsRO28RnjjrnhhGdZxuD3d/8AXvHx68MmSaWq+NpHiH6VdCFJq7V5mnyCt5K9eZM8Aje8uWiDU78cTvDRos1J60WNIXdSAO0ALA5r0IT1Gi7p+70GdWBOD6I3TI4zwyTsHrKtyzRn45z+G0FdXUYGyvfZMjkWRf2d/V17EjrOk/GKk55JxW5BKN9v9NMm6q7WXTOr3OcRhVt/Met8TURC+MGU/RQWJ7QvKqhK1u3HrPTHk2xFD0eoJmr4NxrWZFBHCtxGegtVrlmZZfG6vhapn3KF8AXfp8fUHB0c8M8SPoqk5/jnQGEk/TTbr9MXc7k7MQQpXr8B3du7txsZxEpVc1iqaFqULY2MpenwogcYYdsIvIe2RhTPAYo7GsX++3I+HQKjFAT2QyAhkxUPiyYyYRiIAudDCO2K/HgOvDOEwe7y/wCvWOMP0IBAs+ARA8tiKPqvShiw11kMlQd2qzJBdZBF59kSBI79eGbJuKxST0hD2scMLJbgZrccCCoQy82qPdo060FKtstq1k9kZ8H6AgMuKcnHcXR8cA7zQcuv6RtPv6G7g+kU7xtBdST98n+E/wD0d+080ENlNpxSC3HZ4NFSuLZuUZtntaRg3N+ld12g0Sx0pLdWpgkq3YdrSWi2j0trbtS4VtWSp6cVZ0o8A41rCII4oY1MyMwjCKR9eUaQ6zfzeexTZHu/rJOq95T99hX94fFClQrJH9PjPkZxL/Plvy+n20V+vwzUVn2VqCasKV+vHVjlSVPvIEfdH7uTiNGGlx37yt5TU4bIaJo3ra5I43tVkexBXmi1q93drEWNXXiDL98I8o6ICs7D8vA44GFQ2eGe30jDAhLeGGMEeHiEj7b05g8+Y+Bzx+rYT9YP+hSRn4TxiJ0DOTgsp2ZzGti5CYq0TS4TDWRgjrPC6V0W9W2dTX25jOkcFcSgnWvAU5LTjXQ7yeyJw/bN/JP0Ug4rfRyREpBUp5Z/jjDK081SXj3qEMhmisxLgyvbeLIp0mH7JP8ACb/oz2wMR2DWIkbLGgrTWOU8EW6B6U3Hy7xfca6tS9NuU7N9P6SGlMnDNJVr0qsFerCvkGjDZIoWvjFhHEAR9fU7VVjrrNmT7P8AQrc8q6ta1e8CbnR/Z/rFGeAGfiQV7URPnvsMAhfFquQwKnif+fLf8wSremW3ui3FMlqCauILet+KFl1W1WBL0CU0Ubh01JJE8KnZbJzFU6ACofDXL3d8PnavNHC8YLOmddL4dv8AGMAT4YieTMmNHgjzwxkIwrkUBz01i65T5+OBxnkpzpTjp2s8hjZbIOLIMgb+hG/wQpKO8ayp2j/KWR/QunqCmvVWQmSd7qlpNnFBWjtpBb2Nuz3/AMl3b5HX20sWtEkUOzjstXkSvsa12lLQn7+q94rYoOfzGh/BSGwp2CjYuBc0HJb2in0vIaG9gwYrsjQX8Uq6/ST/AAn/AOhVMudSpio7PL8t8CeVGJYeYjIkjCSRgRu7SgNkPwPF4yBI+SFkjk/6onMauhBRw4+nP6gu8Zv8H11uLYcX3Oryz39vbUmz4/JQdGPPbbCoOfOLGz4KThTCiZ0mM+eCnGQjEd0wXS+cTELvybXS2bU3Fq5qen2iu1btaH7aKzKJ7WtYGpcoTmyZzSloQCzooddaylU+2Sefu3NHHZrmhZUrrCIaKGO/sneLIp0tRXqBgx06wpgTrGGFDkgIyJA2FPxZM9vGTxxkyKFRjEIvpwjDkfjgzrAI8dAcaNyWoeeHXLHkUcggiEruqMCiySpIfGN08IZU84ti7rBUlGTV3ErbHJrUk+SAOhEi5o7IpXq+5gvTzXfbuXnstBDfm1t6zvEswKQMB+i4Di4uRfEfRbEcjOg+Mhz5GKQcq2pqVrj3P0nKOjoD9IZ3haC6kv0cFlYyOpT8vOUZ5ytiIFxlDqGlXCXdih785c8pWxEC46Bs8pRnnKc9rtWMjKF/Ae4gAYyfTkkJ2Ot7ISOZgtvWazY5tfT2tcG04La1ye14COCeTP0e30dUqZYiqwZJZJxpfNR5PnRACYEwpnguFFzV7EapttuG2Zocpu1U4RyOGdp9nLZCH+nFZlrzDd5u5ROnGbM0HHIb59uSeWZUQ4sssGDYdLNfllyBzBLZstYwF0dtkxWVFLlMMRCsBhAzwBZVKL0AvtM7GMICC7SJ4LH5yNrOMWbz8e47HrK/tlcVGGfIZXwODnWdjJQxKJOiJTZsFZgFVwBD8lM8HjG0sOY+hn3cq5xrbrt4AMY9nsLlyzZURTrBsBzqJha3egnp7aLy2kcCyRSJ4P8ARTi4vYxcT+VJwgYjkYrBwwIz5z5xWOaDl97SPpd/Q3sH0GQXXixLCSRpOpPupglQl38c91s9xQDKvQn7AlQ4rq+GVhnvR4JUxnVSsqNnvR57qdCRCDKvSTszYR5YasAVl8yp7AAZVHxNHHPWs8Q1c63OLXtRWuNskUku5kAyGATmbVyV4PZfAMGB+sMjHOyRlKklwvXlRDTmB9PoDBKK6rCITHWfy8WR2j2kUqVNEvjoYiAkncUplHixBztTCQAQeh0Oj+R6D4UPkqY6/i38yd+IQl1iZ8MfS+OSyYxlZdXVmmg00+qjk116i8a4HYZu+Z6nQJSsjYa8IwzwzplAHYCjBOA/vR570eM4VffbpZPxsbCGEWpWe0jqwYqTxe29TeaTYx29ZJMwqQkPPGzzLJUCVb0iWJ4A1i/ZSarPIhR/9YMXI8XFJxD1IDgPX1VsZPJsJYYx+a1uenLxz1DinxHWRO8Bz3CghvqMXtshDHHB81JlfzJjUksD+Do3cQ7BKly58AAWjdSrHFbvG+AGJFiR1p6L1czV7nXbqDyYY7kpMSrKSGZyWwOr43w8cxTLupobEbLhMM2X+HTwNNUs08mDZIxYtGTn2xOfb54MM6GKnnmhQjY66zbnu1JJdlBxW7JaeVlfCkYpSSeN2SXqLb2Zo6mudv0b5WEsw2yTyGMuJK4ksC+xftZJTQnKxyu4DzAmQoOwg8ZBj4IwcjSIIkYGWplRVZ5cf2aok3TznW6yxZk1nE5TlPXVqS7rluo44m+9St1tzxvhV7eTVVhrVTYQkd/s7/I/JRWLzL8STFBavP5By6SuxuRFmQoxEFqas/HuTT0Lf3LWKkMsrytPMHV/BN1J70/B7tMT+oV0pvVxR2PEjCT5A4mKTi58CZTinO/DFzrF7XAFbGHX0HwvWaDl1/RPpeRa7ewYcHYMU7w5TtpIGQPnsqc9pcES9e0uOjEj4HtKc9pc9pc9pcMAKiFwwiHj7S57Skb/ANKKN3NhouQ8QuaD1cvVM1PI9LySDa6epFlmt9tOVBZWyMeRVGOeZEgf597p5mifJtJUtR7ngzpWt6i1Uc+QxZGGRsvkUDLJEpbwfuKzYgWa/cnirW61ehw5wsNSy8aPK7lLMqoJSp2spfXakp/x5UABZ/djLAlGzuQAsQ/mzoGdFQsmOWLnI4i4aAhZYiqAfLHPB3Nh61VX2M82V9LPdn0vBJcoaurQj3vK9LxxN96nbbb5x7ge63uav04p08p0q1KNXwOrft9lc8PFYo2VrNuKFZpXmYRqF8ezOO5fjyKsuWI8RyG4tvyghIMkqg4qqUnqqwmjiSDcntEbIyGxhhH0jf6A55/1c7xSSF6GA/TsjO/LHRsU4xOdZXsz07HHPUNJcjkSWMH6AkZX2DR5FMky/wDnkijni3/pXqdkN1xDf8Ymp+ou6giocl1exya1KjQbGvIwK+LfCxIDI4ZXdhh7ACtkc8qC9SoX12Hp9WttseFX9c1ilPTkjP4+wpTwCYwDMYsZGGaC0KmVtwhyHYocSdHEhUJsvmjrE8NGMV2Z68ZdygDMgx4+1RCFYfBCIvss7e0qsudYwRWkg9zLFylREu1u2zQ0U9yXU8G+KWrq0o95yrS8bi5F6r7XZ5xviW45Xe436baTRB5SCCTioDgjwR4qeP7WZUFrZZ5M5+lrYVqjQT/dRgeONklJlyxWWB4nCNxrarbjUBolrIQ8PTbCt1FtiHrIcjPTEYwAzy6bFf4U95/DqSfp8hlP0JzvrOjiuQCPow+ug5XsNFLo+S67fRfQZHK0bV9krBWDD/zsiunIfS7R7gch4BvNAaPI79DKu91uyyN7dTINzE2RupwuXwrjhCoXqONsZQ6q7IzyIYthx7V3c2PArEK2qksDO5ICE50xwocrr4CDvKrZC+RsxzZjqhVTw17j8K0BLABVYGPJDigszAhmxYycWMDJArY757znLu7p0jNstlsc1vHJ7Ump4OiLT18FSPe8q0vG4uSere02Qo6vZ7uzo+Ga6gdBA8Geatnh4YpOB8DkYJcBB/ZPajgFm3JOcX6ck5jX1Q0s9rY7zXjwo/SeXtbB9wdsja67LVn0t2LY018EyVyWjQOnKKSprRit1kb/AIyr9F+iHH+VD4GI+gyMnOvxBC/TrPLOlfGAADYfpBPLWl436jhp4Zo54voDkFyWDK92Kf8A83eSTxRibaxoLe4ldd9xfUbM7Tjl7XNR3N7XZT5LRu5GJYcr7tkyGzFOiuoyQqQzhWjm8c8wVVzjFDgdoctQU9lFtPTitaF3WS66cOoyVwVhIyHK7AGI5DOc2D+dWMdVWP4r+OQ+UjzBcKk5CgCsgzxDY7gqH8ckUlb/ACOhUM13Z7bNTxee2+p4RDAK1SGtHvOVaXjack9WNrscrUNjuZ9Tw6rWyrS+KcCQNDflXI76NkcqyYFxRioMEYxQPoSFy1sQmM7OfpLPFWg3/qKbtpnIbjv4TVelqn8sXDWfHRcsQo6q7K2j3EuutVrMNmKSUF1dut/H7ui/hlGK5wvjHAQcUjFwn+l9ASMP0D4c7OLjZ5HFfGH0+MI/KT4u6HlOx0Eug5VQ38X1VsrbF0yKZJl+o/Z19JJFiD3Rk008okLoZHybLULMLVZs2OohnyxrJYcp3bdBqfKoJshSKYRbeeDK92tbVl+iviJjr4sHxnAxT0u5tD9VjZmi6Z2gVikCkZXQ5An4oPHLMbPFHH/T6JHxkfkizFFVHWRY5EKeeMRjBYo73LadbJ59puH1HFLFttVwqtXyCrFAm95ZpOORcj9W9tscrUtjt7Gr4dXhwyVamRTvJlbzyFiMi83atrsjRUUYCcBOCRsWVclsxwrYuvN9Sc3e/oaGnyjmV/kcurDe5AGdtEjPFEOk6JRcuQWa8sgBQkHLMGK5GcX3ZglR4iqyLl5hPrGPjIG6Izzzy+gP0PfUZ/FTiuRgb6fGd9fXyH0BOK5H07xhkvxZ+RkMskEnG/UUoK88NqD6xTNGa2xV8Uhh+z4+pCus1IYysjEB1mpBsmgZMeIHJqytlugHW1rmAua5Waak8eQz2KctHljZA9LYrFdu08r7SvPit0yOCsj5GVKqPMS/EWxQnasfbTz8V0kRmgipZBSIVa5VVhIxwfIjwRy/hGhROvwuTp4V7sLrQcSxzPDTh2HM4Y8m/UtvJpuJWreavh1OpkUCxrvuX6TjSci9WdttMrUdht7Ot4XDDkk9PWxybG1dNDXgNXpgZDCcpaqWTIK0UCgYBgGBfrNcC4zs/wBTnKud1NINls7m1sv+GacdgIUXi8crhfp/A5Zp5nxwwbx7ARnW1VaFo3Knjm8NmJD+EiBorI8LXyMU5/OAk4pz5xcU5Efw+ivgJ+nXwD1gYYf2K2dh8ceOWBg+n+9HyTY6GfQcv12+XO8H0r25IMguxz/+DoY8SuslIjGUrjIrrPQyaBkaWHtZqqvlzWKcta4jLGvU5NRdGBeGSjyq5AKux1e0xPuqmVduis5EqBWBroUEhUxtrlt2k4w0T7apWSvwnVmzrk1yxYYwmMvSfjjx+dyUeCzO2Qz+eWT5RSSNO1WjX1kVjl7oprXdnNpeG2bOa3idGkI4Qi77mOj42nIvVnb7XKlK9t7Or4VDDkk1PWV7O7s2cr0Xdqeu6FeuEyjq57OVNdBVAXAuAYB9BkkqRrNZaX9k9iGrByr1Dlt4T3h6yYgZpYQa7PnFI+4s/jFPQtlLsO81wp3FjVWLgCwVkUkq1Sy8E+l26X68b/juE9rbBsGL9EOL9F6yJvj/AHin6eWBvIL9Ff5+c+V+g6GA+OeXeTj8MUMMPWA9Yjujcc9RZqpp3a1+D6q2VtiyZFMkw/f45JArrNEI2ySJZFsa49TV2RpawyaorZY1atlnWMpsa4ZNriMkgdGoci2NDKXI9ZfCQPFkV9kyCZJVPlK2wNKhX2Wx9xpklkajs7uunocmpXD7cnt9IymDplR/1Wwe4rJ8Eph/LY7Gjr8vcns3JItdZuyafhdmfNZxihQCRZv+a6LjS8j9VtztxVpXdrapcKSNV+01lW3v5Z8jpSTyVtZlemqZR1k1lqOkhr4oAwDAMUYF+stoJjOzt9d9yOhx6nyLlux5FPgGMemmzToBQ8PJuLQ+Ea/DNij8Yrsstjda6rarXay1ppDjhQtiL8QTmp2b0LOvuRXavKIvb3inFwZ8YuKfp/GKfyB+oOKTneK+f6xXGdAg9p9DgyY/0DigYwzs/TyzUb3Y6G1xvnFDej6DBkcrRtX2atisGX981RJRNWeH6yQJKtjVnJazK0lbJagyxrFcWNYy5NR8sn13xJXZBR29/XNr+aVZ8rpBaRZZ4w+nZ2bQSnJNBG+T8WtIkuudGpXNjrGp8rilyCOtfjSB03cpE+X9lrtdl7kl+9kGnlnk1XDLU66zjlLXqkeb/nGi42ORequ63Aq0rmzn1fCkTESrrq1rfs7CtNZkq6zK9JUyrReZ6HHlTI4liULgH0C4Po8iRrLYZ/2HOVeoNbVC9ftbK2o+ehnnhXJx1mvjCURC2cdRkY5IGK5XnOVpeq3ItK7QOvR81xo1yxCUxHIbjW7bXz8wXvYrin6qTi4pH0HxKoz/AH9PnACMBBxT9Oi2KwBYnCCM7JX/ACyQExI3aYxxh+P5DD0+fIwdhuOeodzW5rtnT2tX6g5BbkgyvfjnwYP3dDJqKvkkLwt9JYElWzq2GSViC9YZJVyxrkfLOuYZPRyfWpktOWPK1u1Rm0/P5Ic0NnTb+ODVwx5/xmrPlzhyeF3jSZc4YmWNFLXYa+SJoNvfVp9zsraVtK80mr4ZK+UNJSoqsYzf880XHByL1Q3e7NWlb2M+r4WiZFBWo1rnIFTPCxdkq67K9JUyCoztQ48z5BVirKBgwDAv7JrSpjOzt9bt6trqvKvUO1tD0c+AwOeJbFRUDLlj5eBAsMaF5dPH4S55HFfyGuloEV5VaS4ium5pNWtLA8cjd+T/ACkie3JG+T3ZbMCnFOeWDB/MZxfp8e4O/op+qn6KfqRinrCRn8Z2Rn8rCO4g2A9qoAbxU4U8c/0v+S5rNrd09vjnqDR2hUgj6DAcrbCSHILMU4/Z19WRXWfXY6OjfSWsky2dWy5LWKtJBklXLGuV8sa5lyakRk9BTktFkEbzVJuNer2506aD1D49yEDGRXWxoqs2WtBKi2uNwu3/AByVGocQZ8paqrRVUzkPqDouOjkfqhu93lSld2c2p4OkeQ1oKUFvfRR462r0lXXZWoqjQ18o6KafKmur1FGKuAYFwD6s6os1ln/byTl+u45Fvd/sOQ2w3Wd/LAllxUzxx/lug9tUX263Rtan+S4TGxRlWdoBDbgRatt5595patmKzWaGVkK5M48bEXkgdhkcuBsTAPqmKcXD8N19F+nx9FP0Vz450DnyQuHr6w9iL4GKRgIbGTo54HB/JP0JIXjnO7+kzT77Xbyrnf07OI7JlbaEZHKsi/QftkhSVZ9c6Z0VOeOTVo5hY1TLktbxx62SVQcn1yvljWZNSyaiHEutZMIeFuPeo+/0GaD1b0e1EM0ViLJakUwWkkGMmch9R9DoByL1K3u+ypRubGXU8GQZBVr0oLe+ghyQ3Ni9XX5XoKMir5S1E1lqWnr1cVcAwLgwL+yWyqY7s7fQYzqicq9RRFk0k1meQhM6Jb4DeBfETFGNkh/GuvnsmkZF1Z93YacE1mVWz+FZuixyBpcgMuVpVMfJYFyxJLNgVjkyKqzoExcjY4hwD6DFxcXG/j5+nRGA/To/RfoGK/TrB9AcPysPkBijFzyz56PkudKVZCMVjnznQGU79nXT8b9SYLORyJLH+yGd4TV2SSBSG/8ABNWjnE9GSL9k1aKZZ9WwySAqzwDJKgOT69XyxrMmo9ZLUybWDHhlgzR8t3HHpeO+tVWca/c67bVuR+pmi0A5P6j73kWU9de2Mmp4NEmQ1q1KC1voYBNLd2DVtfkGvUCKsBlTXS2WpaKGDFQKFXAMGAYB9WdUWWyz539Sc2e3paWlynmt7fMSQvmz45zos0cZUfTvrGONmvAba+HkdHCDs9Wgjofyxx8+2YZFbWIUtlKI3vMMvqtqrY0c8c7aaUYdJM+NxyR8l43ajddFaGeLRTD8sOISMU4oOLjA+2CR9f8AeBvp144H+ivnl9AxH08g2IemwH4BPZwHOwc6UYxGMn07P10HMdlx6XjvLtZySD6D617ssGVb8c4wfvnpRzZNVkhwfTxyWtFMJ9YwySAjGgxqnxNQV8savJaDDJKWWNUrZPUmgyOzPC1Shc2Mmj4JWz7aGnFY3EEQle3sGr67IdeBkNYDK9J5mo6BVyKJIUC4BgwDAP2S2VTGdn/byjm1TSHZbW7t7nmCzfCkk58PiL0APIfJzvD8KzHGIGapFm2MSIW0kXhPT+ao/lj8FgcEpIV8gMF6etZWaWhDRqRzaqmktm21bjewkBq3bsEO+p1tfWn39b7Lf2T/AH0cv0H8ri/T+UU9rg7P17DfUZ39FbrPMYPyHZ+in8wfoCSv0HYwN2xz5TOlOEMAT9GyjLLAONepTxZVt17tf6D+MUkZV2Tx5DZjnUZ3+4gHJqCPkkDxN0frLWSUT6xhjwMMeAHHrA5LRVhNrMl1xGTa4Pl3jolFS3yLjZ1fLrFuCRLuzavrFGQ0MjrAZDUZ2o6FmyCtFAgXAM6+gH7GdUEthn/bYsQ1YOUeocs+M5f6fIPQ8PHAmHAMJwkDD84ckzRJ5WQQM0r+cFdPCD/Xn+Gfq8CZHtq5ylsGsrNtrVi1Q209cwTX5INzVkrKdq/T7Qe9W5Hdglu7FHksSh7Qc5DJgOKcXFzrI/8ADO/oPlfy+oz5xWz4OKSrLnkDhwfjIv7CSM6+i4cKZ3nXbfSA9pmm5DsdBPxvneu3gBwH6jElaNq21xHSRf3siuJqGPEyN4N9OskrJKJtcwx4CMaDGrY1Rck16kvrxn6d3kOrVcio4lcLiQE5T0ksuVqUNZQuAYPoBgH7JbKpjOzth+u+5LQ0EHIeU3+Qz58J9GAGAdoFC50PoST9ASTj5Kfx0CAiPxOaiPxqgHHf8f8AfeWKuEMG1Vl6llk9xoPGKSHaombDYwzwWnMU8k3bJZHjYdsvQFGxGyN/LExfopOJhwYcBz+V+in57B+gIOfGA+GfBHZKkdMpwZ2W+nz9RnwpzoHOiM7Bwqeoh23yMGAsM416i3tYNXuKO4q953+yG1LA1XZxy4D/AOB41kw1QmSQK+PAyfWSBJMloEY0JQmLBWw1Fz7HFqhMEGVdVLPlXXQ18AwJ9QMA+nX0d1RZLLP+0kKOU+ocNDLV2e7P3gGKqhfcUZ00gaMIAQoHZz/ZP0BJzr8W/iY/hoY/7JCVzS/nVIyQ5/GL+Qtfw3+cYHt0v/Wp/jTYmRfysX/+2UDuf4hUfldA9tsGQ/yv8J/C4uJ/J+j/AF/0uD6HE/j6L/jJh/lcH8R/w2D+MfE/xH+Y/wAfr/qH/If5f7Y/i2cOmlg5IP8AH9gwfzrWJhwfQfun+ko/NfrbwYcX+D/BykoM8f8AAwYP4wYPoP4H0sH8/r/rPUeaWHjUWR/zN/0//wASfz/NiP8A6X/wb+U/yOP/ACP4XB/i2WP8dH/6wfzx7/oyT+G/wXP/xABPEAACAgECAwYDBgUDAQUFAw0BAgADEQQhEjFBBRATIlFhMlJxFCBCcoGRI2KhscEkMLLRBhUzc+E0Q1NjokCCg5KT0vElNURkhKPCw/D/2gAIAQEABj8A2ebN3c+60SxYW9WEEdYfayUPPosuXPNY/wCeUv7Sr2mqT2iR9vxCaZ/VZU5RS4b4pq/EqVnTdY9DZUcPNYq55P8AcPc4hh3haCCH2PcJ+kPrCWnRUxhY28YxxD9IYnussfjbztyXuzBD7vmZIiS2ycZbk05fCxhZeazlDBt+KL9Wj252VosNTTc/iErPs0fef/daWfmabwMcqirOXc/Dzbb/AOoxK+LCqMt9BLNTaVUMfL+WFSgYtusV22eVuWy65RgJicpu3MRuE7KqwsIjMdmlm7ZVlMsHs0BhdOTxC3zBY4x8IEq4uSov7kkmMM+UYUfuZQvVEZiYjANwO0S38Jx/yloU7Lxf8IyfVY49HbPd+pP9WmP5ZbtuHhHy4aFVG3DCT1YiV+/if8ljktkMMBfpxTlL2+WDih9IbAfKRlVnF8xYz6K0Ti5MzQL8tc91WAdzysRx+WOvUtAvygCYnObPOc5R0KfEsJflFtQwqG3Cx1MJ/nlDxx/LH+kc/wA0oeFZavqsVvR4XmlbHSFOqtNavqsxP/xfvOF2hMJnOBc9+8HdxEzJ/SYdemYY4hDTdisMTaZJnDjeHhnDCo5BhOU5fCBPzNCFjr6cPce5QBP1aXdeKOY83gOf/dR3PVoDLh6NHPUCENDvMxAvW0BvoCSZwp+IAN7KIlQx4dXxLOJCrTxUYr6qvJorou1m7N9O4GD0WP5ixIEIIgIXbiBlqdeEQme6nEy2IFUcgDLSu5ZuGBf5V/fhUmMC2/8A0Wah+iqFWcKJ51Ab18wlbp6MsfbduH+qkQqW/wD18WJa3ys04ovEOjT3UAR29WIEffms4s/hi7Sh1+Vv6vCf8wN6O3+RNUcZ/iQBhFqYsCxhoRioUeacHRQZ7cM0y5/EW/8Aqltn8ohYD4oEEOIPdhK4/wDLCepaY7uXfyhhXMQwkCELOLO8TjjouWPD8Kx2ni4lfDzWGosA8ctOLP4oGlO8tSXryysUzP8APB9znCTtDOUzDtG27j9Yu8/SEN0WZblOJGhKnuMPFDKoSTA0JUfXufi+buPusriDOzsJxdxmJkmFoe5z1LCY92hf5agJwRNpfmHeFgd+Et+5iZhifVjLXUfSChD523seYqZkVhhlWBw9lgXYo0wD5eLKnv4YT14hAZzwA0f3rhlino05wyljvxMzRevL+yiceeas37nAmSwXNrNOCWquFxcG/dYN+SoY4EuH8zCYmQN8CXRPy8ULR2z+/wBFnPfYgmVfT+7Tdp9C3/KWHqxZoGlU1AYfFhg0MRGGU4Gi+q1Ay5j1Zoq9OOFoTK1A5sJXA45O05b/AHOUx3GGI0P5Y647g0d1AYPUyFZavo0TurMP5oGzvwzidixDSyh2yimeAvwPLeERXnHjm0GVaZLYnltWZV1InOfp3cMHc6+/FD7LHzEmI7zhY7NFWHjhmIYRKjDDxbrCMz9Wl6GGZiqPlaCL3FcxZylggcCK0ZpnoC0PvwrMDMXh6MJbtHHqs92VRKqNFRZY/UKse0pSPRGsj1XLixFn8vF16hYXC8V1pzDxL4n4plqitcCkjKNwj8p3Ez1XuO5wFhDfNOcqC88HiljcgEaP7sBHX+USxvRY8oIbksLmHrWoX+mSYW5IqxXO9ZXCt/NHT3Q/8oDtvWsdg3NROXkLtGbO4aHi/llp6BpzhPQrCOYCysNKfoG/+omH2X+6iO2NoQWiGVOH2WIueaw8J5KYhTcFJa7dKVEq4vxJmHAh4u5W+U7iKM7hRCDHqsaKZjH3THGPxRWh/LLFiNjuu1l+s8Dwm4ZrKQwYLawDfNK4cSsQ5WLbj8Ms25NL1lYjj2iRfzQGWwYdp5b3m17TT2WNl2WHfuBJ69zrPWGKZhTCjTPKcXVdjM+iyzeD8vcRzdZT+aGGA+wgmcbMs2EUT8qzhhh/LAe7nLZWIU+WVhjHMC+rLDCxMeE9eGJpqdgrKzO3JVlWg7O1Y0WmTfUXk8PF9WnaKdl6p+3LzT/7MqeWWV67suzs2y05RSjKn0hTOwULC6qWIPAsNVycNnSFGaJ9OFvqsOzNCyaK0j3EKvpLh9BmHxNPao90aJkSribHxSyrhz/DlmWC/wAVZz34Yx9VhQn8MRs8lUSgHqpJMKdWaW0cXDSmCW6tMJzouJX3UTboyQPn8Ff/ACigN58CcedlZofTiaCV+rMsPDDyaWCc/hlfl/Co/oTHMxG4pWvLCicfRWiWN9D9DCOhWZ6Kk1DdAoEAHJVAhuhLD+s5wjo04unceExRnJHfy+4ZmYlixJqtWL/BFS4T+dpeHqRn+0kNNb2VpWXTJcq2/TyZjaPVKOJOTDky9Ggp9ViUfzLFtxs0Go/kmrX0aXUytSObCESpvVojYiy38vcfr3aY/WGctjOGGWNP0jp1KytuKbcxOEBY84xhU4RxT6rLOo4In5RCoaYcdOGU+zCEz24gYV6tBKH9VhPKIJ+ZlBgXrxCPvH2icI24ofZu61vRpWM7lhDgbssU9VEPusQfzGGW1SwxUTLOxAVR1JMo/wCzHYq51jFftmp9Gi9k1al6Oy9FhXcdWmrq/wCzpt1naz04FXGXlZ11Ft6apvMl26j6r0l2l1KBbVbjZQ3FFKLun7ljMOhrsWB0VmsH7sYL+0n8GpjxrWPjb/Cw3V6NNF2dX+O07v8AtzjNo6l0Gk5eI9WXf9I+p1Pampsxv/Ft4U/ZQIngW6nVODsg8qH6LHv7R0zaH5XccP8ASJ9k1C3KoblCOLmhWHA52Svhh4lKznvwQMv4QGMoPqirOPorH9+KFnUsN1lzp+IcUII5MsRQfwV/0aHeHK/jnLkzQ/Uf8jNKv0YzBWPLGxAuJWPVM/suI6n4SP8AqRDjmWESkbcTDih4YS65QTDegijoFigrzV5qW3X+II5nKbGBYrbsDFnGxju3rDv9zHdjHcYRHEraIic1tdXnatHyauaG3l4+k/wyzsvV7eL50lCeqyo/SJd7LF9fCedpIejR6fVpR7yv+ZZS3uIjRDLfywwmKZX9WhM98QtH3h2ixQo2ZYiwmErAR5iPwzw3WKP5YR6pEEebAyo/zCCOvXAn0WAzTJ/LP0ivF3hepC0fhKMWjuCrJ0dDxKSPcT6kTn+KArCOXE0q2/FK9/haXp0I4hCIN5UoGRnLQMBLekOuuz4FG/FLx2Vplv117YJTp/1aHsXsUeDqLQr6/VdEZvwiDtjVa6666rm/wI3sFmq144wnicKjedm67Uuz/bKlyr7MntCWbZYK9PRZ46+kTicartO34A3KuCjVWi/UuQ5J3c/QdJXRo9MdZdR+Btqa26Fo2p7U7TdFXzeFpPIs+29pattJoOaVBsMw/wASynssUcaDLFTxN+plvx9pWcfD53FdQ9vUxNLw9m1OoyNPVzUR69E5DjZiFyswfwvE8w94/wCWZY7+HOHZj4crVflEuRflZpb68AP7riYb5Qstb1df+MDJ+GqZUx/Z2hHdV/Ks9y0Po0f0Dd1WxDqv7j//AJYrEcPEREUDY8TGWjooEP1g2hU81JEdc8mh9VVpqAfnWOoMTeGcUr/NEEVFMEQA/CGYzPdy+4sf14Y47laWeKhu0dvxos7d6F7xcE+uZ2D2nb8C04f6cTSkaPP2OgYT3PUzRvKHU9ICOtSzg9PEWdr0+8T3aaR5pW+ZZS2OTCBokt/LH9mhiRfa1odphZuxIj7R2blwiLKRN/m7uH3htsOw8wEdlOHEVM8lnD04YqwiZEp9Swn6ie/DHLfKe6ri6LM9wZg3DxY8u5JOwA9SZVp9eqK6earTg54vrLe3e2L3W9VzVUhPBSvyhesoX/s92bVWLWzqK7dig9lnDmcOYTFXErTu5nzL3fRf8mOcfhigj8UKr1UTV6Ps08KV/wAFrOrt+P8AwsPaPaWBqF/G/RvRY+vu1Q1F+sc21qvOzqpMGxSn8Cclmgo1FFB7X8EPZhQWVodKdUX1KP8Aosr01JLFmllFA8BGYIPf5jE0PZNTPqMcBdd2aNr9UWs7UvPBV6IWgfU3CqpfbdzNV2iFcU1NwIXG1je0Gp7R132XTt5kp6r/ANJq7dNe7X6vZXfniX36d1oov2s1NvMLNToewXbV661f42oH/EGWP25rnGqbdaaXJKQJoqOLU6UAG19naHj2KbN3FVbbCiJ1PCZUWbaWcNqksrD91h41b4F+JSOWRHRF9vMwh4V4AXDdWgqyccLbrOHLdBjiMrt/X98whp1aO3VVCxAsK584j7RSwijqFAibe5nuqiXMBvxcMKltyDMwt1KiXKRgZWWoTsrS0etggGIqY+Edx3ysGOSrCrfhjOV3VpialsbKpVe7l91DDv8AhjiL3OMx7dFqbtPZuvHWxES/X6q29woAexiYrSuxTupEV2O6xNNnlUFmr0vo7TXno5b+809/q00r+k0bewiezCA+wlZlg9Vln5o8Alo9Lo8x6qYq4h7llbDo0zEJ/CSY88+GEyg867MsQ45LEHzAxT9Vh4eZM5Sr2YQ7QQrMwGZgR385bAUCPqCpteriZU9Xmo13aJDa58WWv1yOSiaFNboX01BKuwZgfMOhjdo1IzWqmPDT/wB70WO66YUovTHmVj8StOOOsLQux+KOCYnBTY30UzJoc+sfxa2U8IhLDhDTJ6MJp6juC0q7C0++nTVNZ5v5SS00fY6PjSoQ9st1zmv7DoKgqvbuiQ09i6Zb9QOeofp7qvSVdq6Y47W7RGGub4p2XdqbXOr1VPi2hpq+2L14yf4NXssOEyiA4AiagUob2XL2RNdcPEFR/hVe/rHN9zfY6t7H9vlE7K7ORETTK6nw+nCJx3WCrTVdWwOI+01vbOq4NXpKDwJUw5GAP5qE+GhfLWB9J2t2iUREZf4IVYXsvYFzlp23rr9k8oV59oybKdSvGrxxLEZ1lVq+jSpsKvuFAJxLFDsxRo+SS/DCWbyStF+aFs7KBFzs+04x8sMA68Uf80A9FaW+sefRYVaEKSxVcS52Ow8sZ2HxNOPzFAx80VN1MrYGM3D0EvCj4iplxbozRDDGGTLWXosck9VhKjfq04uGF8yx25s3F3Yx9zEFlKqVDcJJYRqLRhwp2BjrKzmHaWCOIkE5R54WduGayv1aWP6zSX5/FEbO6zSTEHusQ4hEu9mjzE1ael0K4yYOrkkAQOUUpjLYbJWPkjAWAivHu5x/TcwYVW9lP/UCcGCr+h7ucys8r8JhFLAuu7N80QlpXvFYc4QvOBL1u2+USt9OvCizPhYXIJPEIHOyggwqvJlhy0PsphBMW3w811r+zS3tXNtYqxVTSW8uFOGaafS02qy0Fbbl/wCMsV24OHcN6Ts3tLW6dl7PcrlutbdGb2luu0lyIl9Hn9HZd1aKscw+vDFCLgerRNF8GsswtQfewn14ek1N9+uTsXsnSnHikcVtv/64/aKp2i9OlTCU5Nfjt6wDt1NLTXYn8Gkvl/YShPEVb7VDDTczCr7MIhr5UMth/RprLLVzfeVKu/RWnanaSr/qNTYaKE6qq7Fp2R2cr8F+pbNn0jU0isqozde7YSvP+Z2f2dqHC9j9mIXKjnbwx7qKm4OVSDoso0zInj3NtUW9fWP9obiZay1rrySHS6UYQSmjUWl7gWmm0GkqsaxVwGp6uebMflEbtHVMWWggIq7cbBZ532XYKBhV9hOAbC60viG4o6UL16tKOxzeovtGCggftHVtqbhutNC4H6sZT2SDVo9GzhRVSsHYL1O9yVcVbxqaQufiILRbLEwreVsMIEM9leOnDtZPDffylp4Sc4iHmqziXkWmZWCfww7Ti6lj/wAoWz6tHvflHPRlExMQ7TPzND/M0NSn0WcCiCxeTNhoShiD5llj/KqwOqJ50yAzYJBlQZWVlUgg8wRFauvK/MdhM5qb6MZ4dtTKWJWH1ZpVUn44FCw8PNyBErxz4Zy78Q7z1j/+b/gSz8ix5U0PussWPKzM9ziAEzVL7wNNM/owgmm3n6CVnHSLP0moXHWWd2vHpYsMqtwSqkxiHDN0XqY9rb8ACr9YFCl3IzFDUsPdDn+mBDbgeDVkZ6e5JltBYthS3URTXnLdCxPcq8XDOAVYReTSs+8TeDHNZY6lcp8btKXqquv1Op3Spfjb6n8KwabW1g6s1edU5ZPSWEc8R1/lgEshb5u6vQc7beHxSvQtLTTuKquATTajTpw6mqsP7v1YTTdmaW9eO0qL1bZgs+yuqPQ68DJ04Z/3AVfU9nEcI1B5VM26rHrdcXFo6upDRulYb95qLtJQlPZ9atXxvzfA5CWdndjL4WpU/wCq1zDdfaaDTduakayx9QPswZebYxymq1uq1ydmdk9nuwqQYHiY2JM7Q/7R6XRfb7zeKkV+S9BhY9+t0Vel7WsCrpDtxfllGixntdUzfWD/AFmvcEVPdhWYthlRd2lHbhtxoalxYnVWWJVSg4FReH0g0bax/wDRVDzJw9PK0v7KqRdPo6mxX6E+rTWnTEWCrTs9jquR1AErCV5FS8dje81WqSrj+z2FVdm9es1uqursFroOFG3BnGa3PiOSzY2lCqjJdZYeCwt1BIzLNJpyQgJXy7M/v9JcXbLLc3m/SBQpYzsvslFFdrplg2/DF7N7OVDcihTbNLqrb24PGBsXnmJ4bstdqbhZpl5lrUH7tKUVMioqH+mZr6NNjwUzw/uJV7vAVeWDqrRLBCy849ry1+gWJ7LCpbZYi43CTlnzwbzJHDlhOCH2Qf3M9lh24p0wsDEfhJMprI3C8UrQdW4mhjlug4v2MDZ24ZS3FD6sOGIzWqjFBlDGbBFeS2PUDacb/RVEy2mIXqQ8FGm3RsFiR+wmmqYbMwBl1yI3GigDLmJxD8Mqq9Wi8O0wKg1bHyvuIbKgWr6jqJwhCSeUzqcu3ygkCY+ziNdTkoN2DdJZ7W/4EdEUsxVQBC2qUvazcgxAWLXRQWuzu5dsLP0jwyto20MsiiaiIZW3ytOf4ZSYv5ZWe/U/WWDu7SX8s5yoHOCwB+hOJZYiEOilgcnoI9LYBbzLA4dUYLgluRE09SK3DYwCFdwWJ5k+gETSPg0UJxFPVieZjPcqLhcJltz9Jm2pgVbABJBjWVKQ6kblj1ODsTM2sFpH4upMH8IFRt5iSSIgUGs55qTOCz6qw5EQmsYbGOPosL3Vvq77bsjiOzN9JXpdJaNMyp/HurYqElVWj/1Vm2nrsI3Ynmxlhc+cgx6q9l2DP0AgavTuVXnYWMZ0uqqyPgJY/wCYm9VkP2mpq+H1jXv8Gm0nH9WaHUKbLku4f+UdxjxPD4E+s0ouBTtQqLjqlPnWxprNB2mllmuoya3qQkWqvWanLCw6nxHZ25hppNarllyaiQ26ss8PiZi27GV0PaNN2dpqjh2OzuwmmoVFr7PoTxmVfxHkP6zx6KwnisXM/wC9tYhs0ehXFKfPY00ddqDs0vqy1it1rAmm7F7D0B1D1urXMeuPaU9rPr3qoVEeqpdmDQ3HXhtfptPwP6Wn0mqSsqW06h7kC/RpWzsK1t1QsCIu7Bmj9pIytfbSKl9U6NPtju3i28X6rNUh0rXC1g1PCSOcfsvRLnXa3fUWq5IH8olvaSYL6l+Aj5QNjNXotOAEfLe8GnDGtQyjJii9ALN8qrkdSOhlIAK1gkKJa91GXY9XYZlui0lOGvHGqs27RL9aBfrQuQnRfrLbb6V4ynlOd5qbaGYPnPC52MDpT5q2AXi9RAlzl3VN0Df5i3FE1OuQ5RFPlRvVmluv0N+NXqQQX5/sTuJdx5Lmps5OTkESk43DQ3atWVMeVNwTCGoLWOoKoLGltI+EjiUDOB9Mwhiw6QhYQvNpwzaVMzfhnExnuFErb9f7mcUt834ROInku0eY6lYdixOwWP6KAoltu4DYVYRCCPinD1UwAjdWgfrKDZUS/hqT52l6narxnTfpvCjbEbqQM4luE8RScZr/AMiUC1ubjK+sFi1EMpBBLNLFcEq2SwhApbl87RVTkigs3QReNPGbYEsxjJTlbcgoywFg3FyaWnL4TZf1nhUM6swJZscpxLdYD6wC1lKr0CzUcajCv/gSzU16Z7rGUKSoyQBG0lNVtdnNyVIP6RAaLqz6us4HD5K8wpIjsWwsDI4aV7rHRmWOrNLUn6y1cSszPowg3/DEifliRxMzUiWzE7SH8i91J9XX+8uXqyEQ/MOoi6O60GsrxWEnDBRLtcENaVDCo+xSaztdicajAqoPIdFhThOs7Ueolwu+Nx+wlZp0gWjdns4viaBV+IjExglK1hNtjmwnZVJCrFXxM1kgMG6E7AiOS3mTDCClG8oraxmPUmU6zQ2O7+K1FVS9MbcUso+1ICzBtQ1zEgD6Q2aIC80VMwL7sz+46Sup8tbZ8Q9yZ4usweBeIVdB7n1mk0WkR7btRulNBwAvqzdBK9BZrU0en09fHale1lv/AEWX627R606KpSftF7EJ6KESVUX9ma2jTi5XazUtzVf5Z2v2i9oK3oVq4F8ygAiabQW5Nd2mAdH9xNXVaxx2Xcq2BOTLA6WDwQs7T1jf+FWFprP9Wg7R7MJ8C4MNZpxsrbHzTtA0jbxVuQdVmrua3w3ZBlvRZobnf/8AY3AbQFPxsvJZp+x7qSlAXge8dPSLoewqLNS7AKrVb4lWl7do8a2q8ahG/T4TBXvpaFrJrdHwuJZqO0Sq9rNSq89yeUvNGKVVgoVRjCDpD2pe5Sk4L0lfNlp/2hpfIqtXE7RTBNOkuVl9lULO0ey+1CSmqZvCdvwNNdfrquB6Q1FSt7/E011oculijCdF5yrU27Owfb9po6De6adne4heq5mpqur4kUBSa+UDZSysfCVHlH0hJsbg+vOaFkyWL/3aW9pa1z4HNU6u3pFTgUVqu4XkvQTFTHjtY4MDJZYXVS2S0usuurREPnsdomj7Jq4rNQPPqrOeF6KJZqdmc+vUkx7Lb7Wct1Y7Rabn/hV15ZyfNNV+Vj+5ERrVDCskqI3V2UlVgvZ2a08zBcx3WKUaU7bFoXbdV+GA434TEzzZhKm9FWe3m7k3hqB3rljfzLMQJn8QhWBf5oztApCzMzDvjjWcMVMdZUPSpZq6SNvEdv6mYDB16I8UMWrucA8DdZZfUvDanptxATTKGJJsUHc/NL7OpSZLf1MNrbPZlm/eBK7WSpbSmFOCSIq8bHhGwQkH9Zg3b9SW6k5MZvFBFuSP0JgsBz0adGPoATM2Ujh/fE1StSCDnYL7Ca/S31ZCopU45c8zQXcHAQFJb9ZqbUQLegUpM6rgNwZlfjmu0F7IdIrWeFNAdCUCWjzqJ9v0hpF1fDLdVeKTflhNfo7W2oVml1SM7J6tAwtaOqtwmVebeOLfNBxMuCsG68HFE8ymuAIqtXHDd18t2/DBNevrQsMrH86/3lmeiGNaoCIQQC3WMdZS9elruChviDkR3vJD22M9j8tmYgf0xH0tF3g6XS4drV6svmlDVsNRrtTSbCqbsScGaWiijht4wLiei5lgVs8M8OhWfxVI2me0LxQqTxNDrHYIeIlhsYyW1sA5AmA/l8Dg4fffM7Rr0tIFIU/Zz6QaKx7rhbvqr9wq+wMutGkp0WlZymlpXdrvV2MftC/mUJrL9B1aOiXhEDZtdOTqIy6DNej0lebAq7lseUeyidt6xr79ZcpXx7vnYtla1luv13ZdPj23IvZ+kfp6O01h7U1lNlmrXgoFS4WudidmaNEZ7RixWGQyrL9X0qqZuDqhHSW1XqXOssZ7M9Q07Q0Fjopq2qbr7Fo3YfaVHhBn8mqT4LPrF0rMr+Ky8mnafZyVoumci17M8ll/YejDiu+lWut6Kegidm6mxjRXunBz94Xq0SF23LP5pha1GJtHrdyMx+09D2lffqs5CWS8ahQ2twqb8iZVfqXsayzUDjA9Ie2wM6fXYobfk5bhmq0WqbOm7Ru4duiy+othKHN3H0ZMS7s/W+VAvh1v6TWae5Sr18P+ZpggJZg2B+00uk02DYmkUWKvvLaLKra1KFVUKQS0tpcMhLlh7AmW1/FwoFmm1Oq82oGcJ0TeK+4psXyH2MVGH/ibfrFOmoax6mIKiPptMpu11q4tuCnC/wAqyzxVKFwMJ7CafJ8tWVb6tHrTmACCYbdXU6L0Tq0PgrwLnavkzKJbW4Kk1EEH1yJp2+JGfDLHLNxIwypHQxq33rLZV+hhR/gZRChMPoBCrQhfRYnop/tFX0Cw+yGcuQaKOnCJYE/EjNNhuGir6cMR8+bYtAF5s0T9Wip83lhmDlTgsQe7PokWcGeTGaf/AMoS0oAEDtxv8oyYeBGtr+dVlCIjhlIBbBAUZljOVCKpaaZ25NaD9BxS2moEsVwonCqn1YdRmJv502b+/wDYzxaametgXyo3VjPX9DMNQVT+pmDQR9BP4lT/AJgIcM/6KYVTKr1JyDLA3X2J9ugnaSUhGUph/qGnZbX1BaXyEf3BmuygUnTEhihMvQ0o+LzL6TpUwzthPqs7JvGlRN2BeO69nYK6dX+k1aPpnfDmdoUPU+MWKqemGlvcPdZXLIh9ofZpWY/s0s7rPdZdt+GLL09dLDKj0VwzH2BzLUqYmxlKqApERCoasry5ET7Mh4Rpw1toK82aafs2m02JUnHcE/YSvsbTbNfa63ldyqBiMfrNXc9nAaLuCvO7YCghRNTqzpjQdQn8BbRNPpdO2dRs7noq4IJMf7N53DYduuZbQnHa45uyngyOmZQNTq7bdW/waWlP7iX4fXkkDzlv4IBO6gSjV1Zd7gEar/MtfxPs9C/w1VgQOIx9NprRfbsbrlBwqmV1bjTBxXUg9Os1NdRYcScCLwnyjlNNpKSKqdFeg1FgadqaNA9YpqKEhDhmbrNXVpW8VdDjVX1ohw7LNfrNVoqeHR08elpM7M13aYxo77mWmlNlwFaJrCps01GmVavTLSnQaG8J9ryti9GWJotTYml1A2UO2Et91lBe1R9q0xUqTNRU6bhZou1uzHu1GpW5kagrz+kfUdqIQbSrHT/9WmQgzD3HLYhy20NaPjixuZY6gPSLFrQmPaED3OAVZNlCy5T/ABdciqqW81941GnLB6LvteP5czQ31HFtTeG3/WUaNFQdpGhVawtuy7Nwyyl0Zb1twVn2S5wLgnC1xUlvocA5AlL6Wwmyri3AIImjt1VO1h8NnT9obBaFrrPFncQ30Fnez1AVRKtPWVLM4GZbVerMpbcdVhrFoyu6ggw9qaok4w9NI6t0Yy5GuId93ZORhzqFwNhODSIWcjdyMBRHvsYFCdz1lehtQug6r0+vrDjVKtfIDcR0038axduoUGW6rW24LpuxHUkTTnT28fU7GWNzqYEskKPdlT/I2xEVqLQ6gYU4I/cEQFgCyzlvnzRSg8zLlplhEX5lnDmWAclr4YfdWiHOwWEry4eGL6tkxYvvwwfr5pji3CQNnZVnmywSOODeYPKexSU781aK654MtKaGuw6oAw4W6CWW1Hjqa0syHYEHMItLVnPJwZteG9lBMWioFKebDq0TOcgCKuqLK3zgEhpdV9prbiQqAIz1DYghl6NMWsa2KDKuDMYJPtM93SdJyWHyrO0KfBTzNZOybvA5WtHQ6V28TRHyB/VZ2jQ1T5W6V28F68dq/XlOzbcXbPNnv30c7QoS1gA01YLkMz2Bo8zmUH1WIZZ+WJ9IZXLl9Glo7gfVJd+WCL76ZpmEDoQJwMpBWB26Fpq9Vn+JqarC36MZbpdKGftHUhFqK+/M/pGdqLbbX0xZcAEl5RqO02z9sVrt+StOzaNFUL0qtKMw5EtsBG1t7BNTdS4b6ccv7OrX+EEIazozROyuy1VLaiPGdlyqrNX2lXo31Gt1bBalXcsR/gTTnCZ4DbYB1aDtDUvx31Z8n8zHMr1twCU1Vr5F+cx9TQhFr1l3B9Zb2td0bgr92l+lFpW+2kOvqiy3SdnvlKtepvudtm4fM0o7M0i4q1FDNdYPx8Snhmp+3uFOpzVaxO27YlfZOkAv1V6qMVDCrXE1ukqNY7OWwhG+JfLKb9Xm+izLWKwyyr6rNB2h2fmzSLxLKy+OJrkCs3JZpzqKkdkGFsWfZtNZ9p01ileO/nSvs0XTU5fHO5/8TAhC92ByHWHKZnCkYtZl+idWiu1udDWufauX0aViNI2EaeEmWyeLM7PH2lmrtrNFjzWdjam3NNifwn6K/RotiMA6CaXtazNWtq4ccHK0j5pZqKlNvCnnI6R9TqNBqq6AP/Eepgsv7MvOF+NILUbZFAWPXXo7ruiuFwP3O0ouuqp04V84doL77q1TqFmdLpaXorworpb+8Fdtb1seYlfFt0af6WnxGbpkQreoFr/uY6vvWB5fRZmxm8a34S22FnMH5YWPMt3JvusdSeSlYSm6bbkgc9hzMdLUK8ioOxxkiF4Qj7MJh/g4eGEL8wWcQXkv9BmYK/ijz9GEX2WE55oWlSr3LPDI2Pv6mFsZLPC2dmj29WMdswjOz+aVcR3IaKB0WUe6xbWTCOgKk9Yc5Yd2xjOdK/h/1/bMZWUq+wKzJMRCh8RsMBCrdWAJh9lKyvKcmi4T8C4+pnBjfJB54+uM/wCZjfHDx4z/AEh4gp8pIxkDI9RmIuA3u2SAPpmIqqFJJBIJPIwlqtGiOcqyuA425895o7fs1FzLfujtg/pNKGrbLaUKQHM7YqYPkMDOzbgH85qmmfL5W9Yicb76NlnaaF/ll6ZHmuaPMzStBLB/LEEeIZqBLB3Un1SX/li/mmk96X7iW9IgWtC3hqWLgnpAgqUhk4kL5JBPTOZq9KVQt4DFHUdCxMftXVbldStNnsgE1PadVyV3WDNSjPlUclO08bRhGTTqQgdgACOc0TV10G++xUFasGVX6NLOzxixAiV3OFIVSegidm9lVqLUtCvcV2Kncfv1i9q6JB4938JK0/E523mkvNQbW1OEd/lJTczSDhq1FVpCO+5GSWJ4f2mr0N+nRSzvamc8flB3ivqxXxamx7Qbt1CrsFAyItVVS0Jc3A3tg9MmaFzpETQoHbO+eMtjn6w6rycerddOEL4CqATNd2XofCVkvU3itwSysfMZT2otVFt/AtKunMexnZev1GrKaS1D4qpyVh5poO2MZuoUoy9WXOFacFis32hf9Uy/z8llFXZyG5/AKKx8s0eir0/Deg43ZW3DzRUazsvVVrRaLLLkr4kaLfftW26qFxmCmteFRBxTCQszZAm/OYjNqLECLyaeBoK3aoN5uDm8qv1ajSY6U7swhQ0G7p52zGReyNHwPz/gCXDSj7C9owWo5fqsv7O7STxhhzprE/eLqU0/gBq2GbvLvNJ/3lrCb6lKuaF2eJp30zWonzvEOn0NFaAEZCAEjEFVqVlbARj/ANCTxSjU9lUUaC83Zdkq2x1HP0hvNQsyNg+6/tODw1ZVACbbYIyTgCZrCgK3CACcAn2IEYngwGwSXHT9ZcV4W3BVv3huSmnxKkDLlN23IImt1Oq09S0VgcAK/tH+xkCuA2rW1bFUYWflHKalatLWBp141K5Bb2Y5mntalaL1v8FjXyIg0h0FR0yWcAO/Hz55mv1B01ZFDiqusZC/Vpq7zoqFurCgEKeHDGHSpVo34cF2stAZif1GJqxVbp25GrxmyvuI6+EKB5SEU5HqCD1BIBmCxclcAn1BJj+LME7wKvMENAxOzFmnD04RPIduKcJHyw/lacC9FmeoXhlYxHGN+GF8+jAzDZY/0U4MUdVXP6mKmfPOHosJaV2qFyrAShp6ErET0SVs1S2u17IvHkqNhkkCJqWoQILfCsXfhIO/EBnYgTVtbRU3C6pUCpwSf/SFwAzJUzID1YSzVWaytLs7lyeKaizVMlhqQPu3CpJ2GScYAlruNGtlWDWKrAQ4B3UgGaYmilQa13CnqJbS1FIscF0IB6cwJRV4Na3OrO7gHIA5deZG5it4rIRvh0MZ21GwHVGzDUNYA4UPujZ3mft1Ww4eRhC67T8sYJMDPr9KFyBl7Qv9YM6vT4AwCriaa9HoNYwll6nlmE1X6a+xLUatQ+TNE/j15SkCz2M7coNyKlrFqi3XDTsLVC1PJwl/0ea1yyFcI6N+onZoq4WpOnVT/mdv1VcGV1GB+UFpoyQg8WgMfz4aYT0Xu0z9x9OGY9GhnOagQ92naXQfmnZv0Zf6Q/WcOMq0UvXWcAAcxgD6HcRLWYK2QeI7AAHkAJUqAPZrUIR05btif92Usj0V8TWgjZ2EHZOg0wTVG0IxrUnCcz+81YsRU09/mVeqesQU6VAyfCxXlMcKD6KYcovwlQSMkmMKRwu5DhC2wZZqdIiKvZ1DeFc/Jns5M0Xh01aLoc+Egzhhv/1lvbb0IAaRwjfrzmnUaSs6ZmLJXuAhPQEGfZNBome5LAyrQhLJNDoNRoaa60Yva5yrN9F9Yr1FDci7I52z6kgc5fqmprsqtUZSvfzepna2g+zBbhcHCjO5U/0mi0HaycTX/wAXwF8vB8s1ms1enRdCV8OtG2Xh5rwz7FqaDr7drWyPKDOCoCnThQEQAeUiC0K9h2BWFFACY3M4Kv1MDtMF4bfwicZ5QqDC97h72/8ADpXm0Gu7ZdtD2fzWnkxWLTodMqIOoG5mc8ukdlJ+kIUF2JhPwRWwGOcqSsAX4zFVrQXnBWGTfz8I/v7QNpyueQzuB7wlnCnHMZ2HUDJwI/hnOwUDc5wTMMVx0m2PbOcj6EEQKSpB3CgYEI4Bjq8eqllaxiMEyqsgPWoIysoTs3UpVSSzXCwnAPQLtA+u7b+qJTBqrb72t/ZZbmgaix9mRXZo+l0HYmj09ZbiDlSz59d5f/3b2D9pvqtKm8IQu3XouZdqu39dodBVePPpt3LmatNIb3IUOGRlxlfX/wDXOC/TVXOq+V2yP3AODNQLakuFh4mByCMTdVUKoRVGcACZ+WLw/ijuOi4hZ+agrODooUTMR/mj8Ucz34gITnmwBgf5V/qTDxfiAgEdo+BsSFg9FBMzOBIWbmplG+wYRemzRS3PgWLU2mpakNxEHOSfXOYvCq1VA+VBnAJ5knckzTIt1bitNyvrDajFWUYBEe37HQLutgB/tLb3CsWq4HDDIcTwaqa6a3wW4CSWxyBJlFxrQPUMAjPmA2EqtZ66FqIYCam0srEhsFNwATgQnSr4ir0VYaXpfK4JXgjsNNYHNfyQs2lb38sDrpmbibqsJfSWYXDHyyzOmcJXWC20ywJdmlqPSUNct4EZk+keIYhw/BLFpa9U/kZo5ptsrfdcoxWfaHttNoYecsS0puudndubP3UN6NDMeqx/Zod4ZqF/l7i80ryyZ952X+f/ABHGO4TE0fZdlWLtNqrOB/5fM0XXW+QPZYXbq2Wht01QD2bsW5mcoYFscIZwUo1g9egi3jClT6y6/RhU0l9nHcPxL1aI9WlGm0VWa1suypsWY1+vvf2q2ERaX1ICQabRUV055kDdv17thMMJa9DV6PVsPLcoGcxe0teBqteFwWLEpOHbiZcBRCzN5+GfgwNtm2hcAZ6mBE5QtsTPCq3YzgQgN+Oz/pMJhEHV4VR9hP8Au3sSg6ztJ/TdUn/e3bjDWdpt1fda/pFJ5DkJjlOFLD7wrWgRepPKBfj/AJ4fUxl/BCtV6mxW3Kx/Dzu5JB6Qs5wo6mPwVkheuJxuhf6zCjzTLQhM5nHx895aamIIWP4RK3BVyxXHExyWmzBAm5LS1K9d/CDsFKqs8+vv/SyZe2xvcsTCGPXqZ5VlWl0vDp0RApKc2he12Z25s013/lwM0tPULC43CkQheTQh1+EjhnKZjtjdj5YQxigtsv8AfJhXqGEcdFIlS/MwmG6sojw7wAD4YC2W4mEB/M0sZT8RAnCm3SOq8yOHij1N9IG+VliTBPEeEDJgBG3Cf7mBWaYh/mZY79WaKvRmnBjKiKcy1v0Bjs3JlG/1JjvD34VZ6iXhU2DNU2V9J2TU5Wyhrl8+OeW5Tx0pRXR1j+QZ8ZpdV4S+G1jYWdmXpSqnxWUxKTQhSzR8seqzSoEX8Qb9524q0p8IZfbM7L1dVKI7hlZhKHhlZ6q0eLLfZoRHHtLR6r3Wn+Wab+VYX/Gswu87LQDcWLmP3gQdqv5KEXb+doNhwjkJvPLCd6UPV5m9jfYOjQhAFRYbksS30QNzn2jV8dCvvwPFGdvSBEqV6urwcLK4MPHALD4lfz+kyrgiNVpsO6/Eeix78h1sXARmEXhUeEvRYx3a7dfD4PMsFWmLVpndaV80pfWb6k7/AEnAsVsQgPmfaLN7W/ZRMcf7Qm1sVqN4/Z3Y2atGu1+rP+IaqEBd92sbdmmXnAvFmcKuMt6zxbGPg8z/ADRaFXZpwV7CEQabTFLH340VwDK77VOnVG48CcGgT7QRscMBKTbUXNK8QYbKGgA2hJ/achCrCZX8XKYHLrk8oNyzFAA/1aO1vNQ1qgNk7nAUy3Q6Usa+Vres8Dsfsh9S3VhuqxdT/wBpO0dNok5+DRu36tPC0WmuvPzvayrC/wDVu8zXf+VE23LCW+rLCOaQGYX8M5QKW2aey/1AnF14oN8FmnGDsWln5pWvVYlRHXinqY7Yi7RWxDtFPopJE4yoLv3WGF8SpgPxS3fZWAEyRsqzwywwzHhhWGpRuuGipjeVb/NCS34Yi/KAI/pxNChea/SlyRUmUmq0o+CqmtvozFo1jsFVYIOI4yQBLP8As9qUddTlnpbmr1nLS+xmVEDF3Y7ATQvRonTSpdmrW9HJEB1l+gNShWtFKsGaalfS+U9A4Fn9JTev/uL1mgDjc6dYU+S91mvr6X0/4WdmXelrCUtPqsz6NCP5Y3b51gVE4v4PXaeJXaXWxoTLYS7bMswssXPNYevhnEVGOzLDcG+KdmOh+OxVjiGViKX2X/lAMYAhh/AvqZx447PU919iBbPDUs8WvTK+D8NNXL6tE1mtvN2pBBCLsghCctg0r6u3LMOSHIbLYijFTFjjhqYFoo8pDbHeDQrhzgkkf5jabRsM2c16rF8cfxH8zBV+EnpPtNt61KoI4n5LLdPoLbhS3N2bdpx328PEOLNjYLAQoLeDQ6Zd0Crhy0wJxFODbE4OOFl/8PqTCqRrbmChYQnHpuyFbDP1t9liVaepaVA8q+k4OPL9cQCu8D1S1JhkZvyPBrdWGWpfgQ82gREzxEYEb5feF22RV2hSqh1xWSXZTtF1WpUVsBnwvwr1Jhp0iWeGzAObVwCp4v8ApFo09PhGvkTFFTRTfMZC4m7FV98TDWLxRmCsvyxaabnrCkHIbAaW33VItgJXZcLwnP8AlpcNJSNJU/kF+p229lgu7W1T9razqnJM/SDTdl6WnR0LsoRRC91r2N6t97Xf+VAeix16KuYR0MwfhaZVuLoxmGPwwou0x8vlispPxCH4Q/QlhCGav5t2PWN56+rbFp43jr9ApniG0MxUKBwQ2cSl/ZIgLt6thRE57tCgXqB+giIObNERVyp3abchEAIaWhpwNy5SonfzCXDl/Ej5WcQXzq0V3PUBpZZjyDbuVeiw8K91P1WMn6zSPUoCa7TlP1G8/wC0KDlWlK/0nC4BHcmq0zlL6tXWUf0YZh7V1QD9oooFNigKqfpO0v8AvbX31U6sZ8GkkIXXZZ2D2QrklUFj/oMLLW5l9GG/pO06Oi3AzsS7pbSyf3ms9mT/AJTsxyeemT+07VoJyK9Y0q9bdL/iaZ/k1IiTEs25NFWnS3WEryRC07R0uroel08bZ/pA3ytMy2BLRtAmmpZ/ZF4o/wDo9R1UDwzLtPZRYlmzcDLFBVsiVaYKwM7MtRGKVXrlv1jwVVrlonieZ1nE0C1jnFe45b0mQ8Nt9iqg6tHq0zYq/C6fjaJpkTw6Nm1Nv+BBVpKQv05maZHQ8NjnijgDzoVK8McNZYLEYrzwViX6u5rS3xeq9QGj3anTBHb4bU/s0ZkWlkqdcb7wrpywAcPY0NDWsl4bLZEzU62WtuqI0zr9XdqFDZWupQiLH8BFrXP5mm7ZM0ruMPcPGb9YxXpGodWQcuPoY6qfIsVM7YhctKdR2mGq0R3WnrZ7tFqqCrgAKANgIeJYVYV7+izJ0dhHs0PkYAtlgXiVab4ABskL8PG8d7zkt6zgpoRdKnN7P7L7xdTrC6lvgqdsn6w6LTpYvBnxXK7LCmnqCIOsATl1PWOtRD5UFdpUrrdSWHPlKvO9lvrlWAjpQ38FfKd4+pSqtehZ2jpRRZZY3rBqu1dTVVjksK6Kl9TZ/wDFuMIsu4U+RNu8/e135O4sObrv3cLQhdk5GcEyq5YTc/DgSofzCHii7zP41hnG3IfDAi/mhJ+kVeqrMfy/3OBC/RVxHs6t5R9BDsT/AGUQhF2ZuKZx8SiHfbiiACXjmwsgiuI2T1LS7rusd+kJzDH+nDK29FnvwzT2lPE+xXBwvtO3NVUDUmqqR0RvbHfqexiG+0rclo9OHE0Ot1QwmsXKj0ilTvxTU39pU3WdrKyJVdweRU+srduzy+dHwjgcbridrD8k/wCy9/rcyztX2rDf1E7Lvpds1lUbg/VZ2kbqLUVyjIzrz2nZ2vSrOlSgrY/7xuz6L60c2K3G0Gm1naLe5rE4DVdefne2LpF7JodE5eQNCmnpq06Y/CompCamwLaSrBWIDR+0RerjiXusHqsquXSPdpq7lFny7tMaHR1UM3xOECxzxpdvg+0t1+pXTBqk57FpZp9P2XQ1l7cQdllpCKPNu0LLmzwmDMsJz0g1TDd4SecYCz9eYnl/VjCVbEIcMR881NOn1LNQjDjDtw8MTQpTTYjY8Nx5iG6loKNNyUeb+YwOifFjOZpGKFy7cHDL3LcRQ+G3FuWnC1WLK92D58y58srqbBDElmf8RUwnpeRxoFwq4OAFjmp1WseVkZiOITtIq3A6sEDZhsZy/CW87COaVVQOizxiY6mrzgCcFuRo9Ph75XUHWpVAAEZFcn3EAVxYnRvxTi+XKlo9jsa0g7V7Tqc6VfNRQ3/JojFN/wCWFWj016sOnDxY5tLmztGoFVXIAsEw0VnbdY+HVW48AwVt+8K44w0cuyHSeJx7/wBiJhSv1zPEvAruubLdYyvqP4bLjBiWV6jzrjzDrCpsqL8J3RvhniaZkvrYjynzcJEOn012dS2OJlUn6hQIHGnNNePjsysC6+77SycqlM8Ls+hNPX9IWusZz6t38u4/e1v5Id4q9AsKNCrrNmhWcfF04pwhZVj2Yx1hIEDfhaBv6gQmGw82iAru2WjPzyrEH2E3JnDnh4zOFeS4UTgdcuw8xjLWu6j8Mq32Kx/ZomOXEstbq1jQbStG6rNjG9WacHzTgg4TusLNK2l2ViXnau9cNOxUovOHAZmTv0Gm0SZv1VQC/UFor3oPtWkFTN7N8LTTaWocT22BVnaGhoqVUq0uf1WaL307LO09L0ZP7NOxLaG47dLeXatefSX6KjQOqXLwO2owo/zmJo31jvQpDLQi9Yq+GqIOrnzQm9g/sZipNvZYF8taNLVaxnCLGAT8Eyeiz7OwwGbeansvssq9PCuFcyyi5OGxGKssGu7TzVouifieJ4WnRNPUuEoRcZ+sFGmt/wC79Mq+d3mvp7O7Vse4L52fkze0vQszWY4lmiSlGXVuCVnaNup1HB2jobCzUL1mh1/Z7+ML6cX0xrz5KU4TBTkDoswX/WAVDYQtdsIuo43sz8NXFieLYmM+RKklOmq2tbzXMnxMxluqdc2Lsu8D3MMq3F5feOSzICxVZXauHtow6lodRSQj8XCFXHmaGyp2Ur8TJPBtqwXxh7GhaqkKuyMqtnih0Y0yq7OGDq2Ss0lNTcT6jNtjP/NLtR9qXwN2y0sVXDfNAgfgSJptP5ncgNDbphcNTbSvj7hpaV4WK9G3PDOPq0ynJR5p4HFl2b4JXbqUNlSeYq3JYK6MKCuIKW3flOFbUVDzYNtNU6ZYqOAtOPj2bmsdveHMuqDYdbyf6CcLuWECI3PnFDnHlLMY3gWBz1Lwgj+J6A7QXae0KVlfGwFbbqyLxFoaVp8VCcWmteH/AOqF7dZ4KFcMTCNDS193W14Vazgr+RO7l/s5Y9+t/J3Ovy92y8RgYqVDTCjiWcf4JusViebd3HCo+q92c5QHzGcMd+fRYR0VQJz2CwtzVV4Yt7LuSTD6Q4O8rIb5pZtNzuuIc8+IwHMTffhiuTyWYXlEUiPxdGhjiU/mWWGPVd08yPKG196IFqZULnrMv2nowPe5YK/+9dFxnp46zsDVP2lpRwC4E+KMctprqNLrtHfdfwoES5WPOJrNXRe9dNbFTWhbzTUaZ67RZqqWAoA86npkSvsu6ipHXIpd2/usNltGps1TNuafLAy6da2I6w5cQhU8vtBwPwKY/iEtYPWFCPLYIawfPU0sYvkOkrYnYriDLbrEOOEE+YwaLsrBzu9s1Ha2qqF17ni8/JYNWRuAAi9BBayXtWnPgrJUQ1amqyuzi46mVZU6NfqHtwrnorGPoe18Lx05o8OUaXSUMNfobcVmpcs0fV33r2aLVC2BWyzwM1T6q71t/wALFqqRU2GyxfDK+I3QxcWUunylTxQvfWy4+KEPsFJZV24oKT4i2DyqW8s/1CGx+XFY3mBltz2sGLEhE6LKqlZn4fi6Fo9h8Nbw2I6W2tqLAxZFRQFDS96vEoswyFX2ZZUEbccSywoVUuoZomld9PW+kViXT8YMO/Ci4HE7Q8GFPRp2YysGzpVi1LdZ6Nwwvvn5Z5+Uv193waLdPd2jJngrC8/hjuEZkHm44Vu1IqXozeWeDWnj+rVGPdh2Ct1lVQ03nfdzmBqXwBP9QCx/knke516VrDUE8MsOMgxyxm8dsSxay29zbBYH1z8TncrxbCeUJt8rR30dtTg/haVWvxpez4aKOZlAa7gTO7+ke67WG9c/MP8AENWgoWlOhInHfazn+b/aMNmrvSpfeFOzKPpbb/hYt2pvax2ZpUTz7tb+WE4mpAGWCzl3Y6MIelcVF5EZIE9EH+OcX+ZlEUzLRWb8OxhYNOHosL/iY7StIYOvES36Ccth5p5oVXkIRE6eaWb7LK0A9OJpY385g2gM4iZyxEX5Ujt14mh92gUKYi46pHciHS9qrY2lfyqX6QhD5H8yznOc3aXrq1R9eh2Rj0iaUaKmmhduOvrLBd4YrU+ULEa5A3CcrG1FA83UGPVa2LJxploUx5lhDCI6jzCWE808wiEj41mQpZBtiF9TqqdNXzBdo/8A3Npr9cVz4lz+WtZwMaWuu5eH8KrF0yUlSmzvD14YGF6jRJg+Hiai4odT4K5dKgCZotUmgXVUapcfwlzwT/u5tDp9Gj7N6zTrcjam2jZbbZitFQeid3HnrHsuOFbq0D12hnyBDbbZ5+YrPWLTpNFYvGvxuRwrEOp1am1eXAD5ZZ9m1p4m/kyFgUatbeGYbcnHUkyx0r8R1XIWL4ekuwxYFVWK57MYpW2QBUzOWiafU9mal9La2GHhtlYusq0t7K/k8FFLNCKeydSv58LMjs6pbPW29Zm99IH93mdRqdDNDodC9NwrRg/6tPPqtPSnuZnVduUr7Ikzd27qn+irH0uivssFj8TM43aHhZmPusNVt9yp14FAmb9LqLz/ADvPJ/2d0x92XMxpexdLT+RFE8mjpE8tFU8q1/tPjT9FEe23Bfhhy0fj5x/WNr7xg22M1cPmZQNvZoaq7GHvxEFoX09ln6tDW9rWK3NLN17i/wDND/seveftWpUP0rTzNCmgqGnT533aG2+xrH6u7QxD6s0r/L3aw/ywH2l3vPYTf4YCh2VpwYAUrCdt28v0EIHNRKfbimeLcNACMzHljp1Wc/Is/kSO30URwo2UCFc+iziB+JplTwV/NOOosyNgNMgQgtuGaWiJhpZ0AeCe0A3mWlrt0IEJOx802iMDF6lf8Azi5xPtZuaviHFxrKHXlw9+cNKNfpGK21N+8XU07W4AtqbmrTiWGoN51/D3JqawfDZpx1/qsNlZ9yIbV+AwqWhaqosFXDFZirSPc6xUpuTRo3xe0sfX3PrtVX+Bz5Yi6MBdG9JR6Qogr0we7FQwhGAIdRe61kH4JZwbZMHHqvAp4gXaaq3T6lManexd2WBKtUq1rsqos31X9JvqW/RTN77P2mz2ftOd37TwXRjR9Mkx8aNldh8SKq4iW3trXdP554C6Syxf534p/wDu1P1aHw+zKVm2goEPDpaBNkpnOofRJ/4w/RBD/qD+iiEHVWQ51Vv/AOVMNqbD9WM3dpz/AN/lkss4mVvNyhP+JVpBytbDEdF/FK9Jp0C0VKF9lUQv+iz3gwd1is7fQzlEh7x9zp3FGu8a9f8A3VWGj1UEaSj0T4v1aFmYs5O5bcnuJxGMr/NK+7W+6/5nKGHabHCETgX4JYpaeD1H4oiE+8r4o6bRxnzTiXmw4gPcQNxFTPCSELzgydlGY/vwzI/Fkg+5MLfLhVgEO8cJH92l03Mf1Zu4NEhfqCCsdyIWh2lSL1acPMkNKl/+YYUfT5X8sozWXKw6vS9jvZVE0Z7LK3s2yOvDDbd2YhT1RlMXGlSpG6vBq/GckjDKmyw4VWRfilerrcV2c5wOj12lchWXZh80c248PlmOmnRrbEbkkutups8WtCxRI9VGg6dTEo7MRxSy7u208fWdtalKuqUmLipyjL/4rEtPJxi1LVK2JDrtZqKaR4XCwRomjW9b9Q7eQpvNVptAiaO/SJ5Q/mLzS6y13XtHRagDUoSV8w2YFY/F1aXJ0apoK3bzLMd+e/n/ALXP/wCxcpy7qtvwn/kZxEqSdgqkx/SWtVjxThV/zPCTDOW85nDmco+zQdBNokPfjvLMwCiFKX+13+lXL9WhQ3eBRy8Krac5nM5/cT8zSvu1f0X+85znB68jPNyjqvJZxjyloSMGyWN8qhYnoo/fywricU2XdGmFUkNOKzd5tuix/wCZpbtvgQLPR5u28fM9mjsB8pEf+ZQZYqn8OJYmZss4OsxAP5lj/mh39BCZQuYPXwmnH6N6woqhZfoWsOK59no19q1emAcQ60WtfeuCGdpwPwFc7qGhGl0dFbo3JyWaI+uZSWYByvJZfp8+GWwyOOqiJc5rdb68NvmUijc0NhWjnV6hqdHY3H4NbbNPCopVUmorZqaS6Y4pbpEvovevcOiwNxbeoWDzswEr8LzhvihRWNZWdpaB7Ea5POljndllJ1ur8DU6VuEOnJeGdkdo6TVre/wXID8SestfQWl6taFDonLjHWC4JjMtRugMvobbFjTBMzn/AGOf+zmY/wBjnOf+ynup/wCRh3ZgsJ3nj8HmZimY1kLt3Ki+waD+05Q/Iix1B+4WdlVFGSzR6tGDq7vbZIV1N+KulSeVe4fcO/cdon1aV+692q+i/wB5mJ7NHPvxTMDlYa2WOxHlAJWZIHmYQD1YzB2ns0y3Jlh6ldicTw13eFUHm6RR0VY3kDOX5lmH9jN6wS2ATxN9fmjkp+nE0QtWG9yzR1K7ADhHE08y8Tq2V8zQbMScc2nEQ+VwoIYR1/jYZW24l+vyxxj8MyvywFJnMQY3ZofVuLuyRC/RVh9Qs4ROO561T0WDU0qquSQzzi8WbCfxrkrLbrxyg1XVktzYNEddVpyOqF5TVVawvTk1PVZo1tucZDKxgo0h87L1aUrbaLLVrAZUgr7O0GoDN1UcUtbtK/g4lHA1nxLH+w1PqdX1smLaVXqsKKhUNsXnAXztxZnLih1umtZTV1T4ih+JYlXZGoDVaqkLcvPzSgM7Y4mE0K1fitwzRgp3EuVuk1T1nyra0AtYq30iXB81uImp06lq2+GYWqbadp/7LZODUL4Z9Hn/AIqfuJs6/uJsyznOfdz+6fvj7/P7qs+y8EZhzZp4NablpXUgylagftN1LEfhaebaHnusd/QeWH0nDDoU52MMtCv8v3NXRZe/gVWFFqzhfuY7jv384Yh92lf5e7Vf/d/v3GJ/NCVhVdiDK2jiKw2VYgb0Zoyk7rBvDw81nFUxw0Nj/GZxZ8i/DOZ80JXkWmJywWhERgfilhJghysLGW+sc/L3JzICiVsB+KLxHbh7naOzc25R88pdzxzhqW93HUpCezqdb7u6hYHfLMTlYr4xNWz18ZWstL/G0yMVXrM/Y6/2hoalQ7fgRYtXZyPnxG4S0L6+37N7u3SFgTrbscJXpF03ZmjWhG5FUj39udo+EPd54PZGgfV2FccbDCtNR2k5oQ1twinPDPDu01eV58FkFI0R39Xll/gLlG4SuYKjVtaoaXvTp3uNjeTfdJpMLuLis0dXpqI6s+OEnzTUsrTUMw+Kxodoik8y0p9mabQMXw3WFyzSghCgVYWhbih8zQFmaXhb7QA7cmm2qu//ACzK2+03Z5fGZ5NbqF+jzbtDU/8A5yYPaN+PzzJ19/7w/wCsu/eLnXXTfXWeWbayycZ1rYh/1bQ51bQ/6pv2WEnVf0WP/rPp5Vn/ALZ/RZ/7Z/8AQsONX/8A21iFdYN+fkWKPtS+/kWf+0p/+bWH/Up+lazfVD/82s31Q/8AzazQ6m85eyhS0LE/1llrkrdb/RRLPPuozCyvxQjY9eLefQz0Zp0aWOx8yrtDSOS1Fox9V7uc5zX/APnP/wAj3Hnz+4Zy7swyv3ZpX+Xu1P1X+/cQTPdTCP5YViBZYpOTCvSKPlWPtk/4EDATlniWDiG8VAfM0CrOEQ+XYsQIMQ55JPGB8gOywP6MI/s0XvubOY5mViHP4REX+abwbRT0LQKPgCwv6vLF6cMDigO3Vn3jojYoZdkVccMpKMWQNCvUNNVWR8VbR0PyYnmY+EeiTx7vEsCWcQVfjllGj7PSly2OOw7594dT2hruMLn+EreWHVX18QZvKVj0dl6zTaNF5cI3ianWa8aoruy2NxBoqJZWio2UHVZZUNYa/FXDcKwuddzVV2qnHSbrvVgssVqrCre8Q2U7qvCCzzzovv5pgJp9rOMcVsq1CW1l1sL8CtHfpNfqH5KjT+KpVzvA0pf/AOdPpa3dkuuTFXjb6K0oanPm55MxCISonLdZqV/nbuH1aKe4Tl3LPNziFSIVJ+nc85w7w7ww9ywHpwwr3hl2InZmmfnXp0DfXhi1KdmnAnwJCqwnr3KsAXZlnCWyZY/Vpq3LdWWD8v3Nf73N/wAjCO8feKyn6tK/yju1H1X+8MziWCZ9VmYYqg+7Qlf5jMtzKFpzEU42E29QSJknyNDa+AWjvzVPKv5oRCucsCf2Bn0WCtubHiaFOJeKOsIgEE5y1vRo+34hFAi7T1PFCsO8oDDYvDkbsCIeABeFll7dQgInCUjsHZgWnEr8STI3WEYmqo6rc6zlLV0t5QVbZXq08OkPfda2ST6ys2hCrfEUMDO7CtfNw8Ut1ltKqFH14mmBVWPos5qP0mQ82uaH/UtCDqXiabTXOzc2YsQqw/ar7LrF9yFhBtrVvdhNItWorduPksOm/wDH1R5ojbLL9CmkoSu6J9oSlTWAoZE4e7jxslytHoX4HubAm/diaR/RoN4Zkclh/LNR7v3Pb7ssU9/OZmZljMKcTiJ3WZhMzNjMZh7sznP0j9+joXlbciN+rT9T0mp1OFPCAin/AJRz0+KEs+7e0sZjhF5tCeIMIW3YA4HDMtmcKnILCWH5VhdjuytB+Xu5zM1x/wD5hof9kyj9f+Ur/KO6/wDMv9+7MsWZHNe7CN7EQ/sJwD6NH4Ry8s5eywtgkrDvOfUTCiIny+ZpjE9oD0U5aEKPO37KJkr78UwR8Uw0E3G84oS34nj56twzOPYGV+bkohErP8wBjqwlCdS0JB2WWZXfjELYySkBYNwlRw8UJdeJCJw1WlRb5is4gwKtOUtHRtR/yWPaCPFfZI6o5CLCHNOX2LvznHcviDqUuj1aRWWjiiaKhv4FH9WnPvO8wTC0pSr/ANrtUPc8dK6StHRg27QuUXy+rQpW5XVMfjRvhi67tg2ebzBP+spFfZ1ClCWZisQaZa1Q18k7tQv0MfD8PgXCz69xxL9Lr8UPQ2G2zDpdGm1B4i5UrDkzzfrMQ77S/wB27rl9GhAEPfzh7sQiYmxYGZzMQN91DH927vqwnZiIN/tSN+zQK3OU1V4BYl2hRVUFplgfLGRMZs94d8HhmOtjbt9I+GbLLhuFoi/LE0ofz2T/AO60/SZ79d/5zf8AIzM8szB94maf6f5lY6cI7rF9bFhXMxAQIB0aEhp5XnLcCYWFR8uTAuIV6iKzLxQrjZYRnZNzOIjdmhPVv87CEzzGHzcJ/E0PA2/qsDQmLF/mG8f0icc4V3DRfUvAOiiWflnzcLR/ygTTjoFaHbdm/tky0dfEllitAja68hZqb6tVqRdXWxVg8q7TPab+wbzQsdSl64BZCvDxQeYR7l9anmEONuFEhaZj6t3s4PhRcw3kf6m/KpOFFZ7G9OcHioyZmMQldO/64X+5ELPQ6gdeYH1IyJnM0yN8DXKI+pfLIuAVWELproaF0+7TjTdy2VnDXfrMYxhUiOU17L6sxEVNXtZ7txHutH8srDWWVpfXsyH0gKdp2L72AQZ11NjtsqlZfe6izUBv4ifhX3lwUbcADcKyjQiwVm38c27RU/VIdK9oYldmWBc9Jb3ahc9RDCPvHu8iTOyw8dbfmWGHbuLUUM6DrsIUdSrqcEGcNNbWN1CiVsNKcfmWFL6nrJfkwMME0fQVrY/7I0UIsSpTwsgAYxEyCv0h4WyGnB0WIF3dmE8jH0BBzgDaGXXrU54fIuN5atgIFalAJjHNGmO/M1n/AJzf8jM5hnKfA37Gb1P+xn/hN+xmGVu/nNL9P8yv8o7j72r3H8wnKYXmrThbrPHelxWoJmGONgCMwummZkC+U8hCz6d+D2w39iYpLYm8VQQSSywOBknytFTkzbtD/KswATBOk5TkoI+WHiG8LGizGMklY04YgzzacXQKIpZPgEqxyhRpaimHn5isO8pHohM4sfE7RBn4iXb2xmDfm2YbabtLY/RElofX00l690Cw6bUalUCtsHjirWV+VR8JhY3BmXosXtO5GRK6/gfm0udf0WOvauhpvsLbF5wL/wBnNM7tOCmladLXvw9FhKbU1eVI6uQpdQFYw1EjxGIKiDUvu77qflEKNlmHMIOX1JwIcWlCBkh9pZaiKgY7KIl72upqvXZYdJczmtkDEiZV7t16tHfTo/iLjzM0S24phAW87Q+J2hpkljJrhYUXmgn2urODaw83c6tvlZo0chVUMP2zE4CcM4w0vqttClfMvFFtpuaplGGdWIllReyw2IuzNzaL2j2kPA8LepFf+85yk+tUWMfVZmahcwwznD3YAmEWZtebpPKgWcU5zFqL+aHwmK5EK4DfllKoQrIgDr1BESmhg2QEZxCq4rrQZZou9pGfiC7QlCl5t2VfT3I7si+7l7Q2oDwVaaws0r4UrsPu3DHR6aXvXmi6pAVnG+juBfbhRkf+zQhPGT24I+AWbIO6kTx7mQhB5VHVoAl1JVQMMciHOqVi3RPN++cS2rTqjk2HLOT1A6AGXX+LQuQOSv8A9Irm9fTy1Wf/AKM43tsb2Whof/aS3RRSZhk1i+70/wBsEwtw3AKCSzAx79OtFiWOzEtbBw6KlvdGWHwtHQ3qy21//pQZ7PZkX5GWbdm34b+UtAB2bqvdhS0DNorF/NWRMNUV+qicJRcQf6dPoVm+lr+gWVKtSqsVfNOTQJb4nB4i/BMK1yzC3tz9BOMan91j4uVpRday8CtvGtZ62TBwCc8Ua69AwTp6mYtHmfkqkEwqa7K8gYLjA/cExQlWyAguF3Yx6LeJVVMggTxVZ2Jcc+kK/gYcUNrHdoC3NmLw4WL7KO4lize65hYFvfimZZ08hECmfllYERZaxMRV/FKvdhHJ6mWpC3VogC864VPwgMwlvoihZWk4dPo/DHzO0cW664XryrDTRPqamrSxMo3RoW01rIWlz5ZrKvN+gnHqGZSy7F2h8F1CM2zSxLVrYkeVgSsbxtStd/yWwpp3U26rmynkvcanZlHCTEZHZizcJBlRVt1UKfqJZbT/ABEZixHUEwghg4PIx3d3Uq3CAsdUZmywYlouoW563NI3T2BlZTV6qwMTsw/9J4upayujGMuD5otNTWs/uwEe2vU1fR+azW63V9pceK+LAT0jYwiK485hDPYxitTYW3+B4tVi4KtYpBg01Vb3WtaAipBr/wDtDeKaU3NP+DLraKXo0it5Bav+IU8Z0rxlQoC7D6Sjs7VUunJFcOWmONiZo3HVZ4rfBPFuZlhppVbPRo3hYr6MI6WgeJ0aHeeRGm7TNjT8MPBwkQzGBCzfhn5pmc+7izFttd8sT6dDFXkiMBx/Vf8A1lmnS3HGITfpmasfjTzL3JUtt7PYQFG0XxdfeGxvisYgo0GuxWRh+OnzN+sJXUIzKSuCCOsB1lNLvblgldAsf9TEzpLER9ya0VGgc0FqSMhn1R/YgdYUo05R32VxexIgOs7V1NSt0qwWhC9qa8t68a/9IXHbSNTnmU3WMr9pZPiHlR9I4oZHp4RhmPDv9MwPrErRjyRWORCVqv1Op61qykr7z/8Aduq/b/0EyOzNX+tMNOpRq7V2ZXpK/wBOIza2n9m/wsA8XT/RboXTTacs3VHr83180yNDfj1qqDf8SYNTqNF2jWejvpnWO5tupRV3a2l4ldXbYpYN0LJCKe3ls9jq5mlFu9c3K3/+U4NWKeQbz11w8aaD9qs/8YiUvoq1XZuTfsFAmyZ/JWZ5dM7fWl5jXdnEV8XNSywsul1PuBYsI0yFK+gdgTPMFhKp8REVEotZS4BZVOwLS2023lkQnePVhg2eKLbTvYF4SpaOt1fC/QOCAR6iGokoAGII9QYXDsxCkYIEWtmZQG4sjHuOoltwd2KAYBC4MK0VKCNixXIEHGLGcbNhQITT5fazE8G+zT1soAIZxCld6N1bhyQPqQJi3Valz6VoBCdLfYoVtvEwQRPDtHC4wQehGeYMsz0QwJUuWP7ATzah/flKKtM7sgJJc48xlSKehaOMZeBOqrFac54nzjDQyl5c2fhrlrZ+OyVestRUWsrzDR9ZdcELbrKuw9XpF1GqCmtQ42xBqaKgl1q9d8QVU1JwN5WZvxqZpram2ZWiqV/LFaum5eL5oftG1itNKf5O4+vhn+4lf/mf4M4qW2PxKdwZi5TS37rMWKrj8LiNRXcyqfMCAPMDLzc5dg5A/aaYK7KgpXlK9MdSrHiI+nUw8OWCqAqL1h1Oq4xXw4CViOi6Ny9cq7L+zJXpdZs2G3BWakBeGulBhR7GFhb4Y6Koj5VWsDDheKXZmL2Nv13EF2AjLhms5sxPSLrNemCN6NN0T/q0uL9EDKsrXkeGeKnxowZYofRVvEfUaXDp5VAbk0v2Sw1ck4oWdvosyzBZllZoVer9Vgtrbz/JicFqcSdHxPLjInPA7tmP7wH1WZgWbTDuqzDMW+kz51+qwlHVpX9W/wCUv+q/8RAlubKxy6MIFR8P8jjBjWpSi3/sGlvaNl9nhacEIv8APP0gJufkJZc3Jeso0Gkx497Yz8ikwpp82aWpwtdZHQbCLQ6P4ZTqQTgxybXzpiFXbrkiKlNym09XzgTiXVo4PNWEFFfkQgFhxc4zMrb2H/Ea+ytiSAFBGwnBVSX1GNz6Rnsoy3zMMkmHFNa+mFnmdl9lnHbT4z/M8f7NdTTX0ValmbtSbP5YSmgWzh9dRAtXZtNfurQi99Vwei+I0KPVrbP0aYTsmwn1dml+tfS0VPjwqUbqzRVXX0r/AChFaHxcXnowp80ymius/MgWI66O6r2Rlg8BVWv+dgP+OYRdrtPX7IkNFuquvAfIaukRbChvRfwXMqRvBq06/Tzf8sxGyVb0VQsKg2NKsae3axT7c5qS6lQKm5/QxLaXUMrbOH5TGuelOnGjQ51CXV+wBgvS68oxK5UAlSfrODF9imsnzsJW1FCLlwvMnpHTKBT/ACCKhtYHGXKgDJMbwtQ9dPJd9zBRqnDlvheePyer+xle2GcBmjJpmCVqfiABLT/UfxlZmA6GcdrZ3GB0WOh6qR+4hVTgDzO7dcRq6iVoH7tB6LXODoKt+5PVoPdhBKV+aV9Zp29Gly+qCIPmmnX3EPEr4b4i0FdtKWCJrmLUurcuKcGmtrREUDZoBeyM4i9nJwMaULt6xXY4QMIulW2i+hvw3RRRpa9O/wCI1tlWlG26+WZnp5D/AIlX/mj+xhvSslP6w7k4l4OfCDDh+vWabB82G/xNQvo/+Jp+L5f8mfaTqk4DYdsfNMJZl0cEADnDp9S7qFUt5ZbqOB3yMZZpobqaaqvAzY07QpXdmDEfUHMZeTS010tYoG/DNJlfEs4gVq6tK9b2knmBHg6ZTkV+5PVoCD9DEDbcVP8AaVNy80dakLcMDeEtjqMsjSxNMWBb5uSy6+60pWD5nb8UyiLXW30LtLaTplWwrlXX4lnBV53O3FCiVsTmeJqWE4aU4Qsy7zhaE+KsDXszr7eWJX2doXoKfExfiLQ5hCZyJwIfq0zY+8wqQ/LMBt5Ur+rf8jLVTzEsvCPfhEAtTYgYYbicK9N8ymleO7tBgo2xwhp9nXHESzP7sSYiswBcEKOpI3OJ+gl6Z8+Q01XbJBZ7q/Ap9VYk5/pDe29r8onHuzf0E1p9W4h77kRLmG3DwsfQkwHAgusqZPE3UmOi8/EP9AI+lcXV2U1ByGxhmJwAIbqXJs6gLs0eoPW7kAqGTGSTjAyOhMShq9O9h4h+izgGkXPBxlUcEhRHc02LQvl4+haEJdYsc1axlRPYw2pqtm33YwMt+f1nA5+LyxGfSFiv8rRKbdArFm6rODU9nUv1P4fNN+y8fRptprk+jTA1WrT9pintO4D3RYdSe07bkyqqiJz/AGhR9Jer9GdJwFbF/wDxRCzb/ndmm9Vf7TCLjh9FWOhZv1YiVPmvxAyjOxIGZfmzGK25fQx/BLPw7ktGrdGVh0MUVK3BwnjA9JbsOa8P7zB5eGf8Ss+loz+x7gynyWLGqsGHWIyjyVniYy7PNsKJS45Mgj0uOROCfxDoRFqqQs4JOAYa2Uqw2IOxBjvzKqSR9IzKuQdnQ9JxJ5qH291ln5VEvZvMeILM8jE22USvuqfqrSnLTT7/AIpb+UCIg+bhWUgsPKsxTRbluQWmC16NV4lTZUMwAZYlP2NUbGC4sjPq+1KNKH5i1uIwY/7SNW/NXph1X/eN+vF6eZ39YqnoonGjR6ntZgm4VoF6q/dxHC+Q/wBxKyrKxFo/sYEtK0v+yzjamqz+YqDDxuq45IvP6ACG5tgRhV9AJ9m513YB9iJWn8O2tV2YQUaeutUZZTRqitdw5t0MOqpSs2HYuVBMKrbe79K6V3g1+vW/k3ieKeWxwJdVccMuQHhZqq7NyAxUGJWtio5YBFTHF7AASy6ylVv8zEn1EpF2nNNhYYUsCDsY3hVeUc5WbrA/iJzXp9Jm4JWqMWWx+sFVN6uWHEX+GG+lWFfV0aUsvjVurf6jj/pwmL4yYVd0pj2tiBqkYVlsF/mMLOGVIFSqN4uydEWYqw3u0so1+iSzi8ubV5SyrU9oLpVLYTKwVK6PWyh1szAG1Sh/pAarawkPiplOrr8M3tCwih1sMKfjB3JmAu8KMINpVkqpy3UfMZqGWkWoQoJ6qOEcjCVYYC5dX2PsCD1MISuutRuCqiW6ithYum5uOQeNZafKBgCU/aiEuWpyq5yFXIA/WF3RepJjqDkK/AU9faVaNLkNabOhO/7Rfsy11+rDAxDVo9U++xtHSKU1fGV3IM4TYvGdjW4AMLHTVKxGxCAQ0pStzEY9VWWIUKDxDuSBLjUzKzcOWT2954Optxb0c8miWpehetcYLABopJyUwAFONh0mWorVxS1ZfqwY5JMHBlQxzwiGLV87R/ScRWJ8tCltvmOwnFxHinik9+Vh8yzhBzDVVjjChfozf9F/vFtbZgAWmVRmnkphK4hHjNDxWtKiz7eIvP6zUgWqSam6+xn2e9AgHJ1/zMkU3KOuzCHPhUJ+ixUpH8Bf3Yyu4D4TuIQrJYh2ZD/kGeJTSqsrjcT7Nqdq/wAL/LOIrVcvQnDTDNXSnRR/gCbZWpPhH+TDRfk0nkeqwH+Fch+jCLgV0ow9hAUXyqdmIwWluHT4T1EFtR3C4I6MIWyuG2ZHj20tx0sR13WWv0LTcx7BsFURG+VWmFGIqfziJg8XD5ZVV1rbMO/NllK9eMtLLOi+URG+3KoVukdn7SPD7tCW17Mn1MWliWctxVWN/VYlNysX/FD4K4lg95iH3WX+zd3TuxmZzz7sDaGzAZm5PLFYKSZxHSo1n7mErVWrv6LusKWhGA6kbRBZrNMg9MiPTpbS5vbysqzUIOUuXllorLzVgRiOXQ4cOSDNEjFL7GVVxRglf+kVarOP1qEBFCU1LsvVjMVV226ltwgxLbrhQEr3ZOPzKBLKKnZK1K/zR7sKnpLvt62NeEPhOnzD5pwuoQL+FvxQpeoWhmBKTJG6ieItBCMSELeWZu1FOF3ZE/8AEaJRVQtfDyhYWqXXq8LrpVuCc1nhahHRB0jqVyF68M8cl8FhwgggNH0Ov0yWaS/Z8+sPg5s0F29Lw2VM2QsxwZeF7BmyHM4pwhgH6zLsK6asN7tNRVUyj1IE8Iq5sLbr14pTRcyI4Xxb2PzRL3TKc6a+XCPmP8xmqdhulKKRz3YtHXbxHX+kLuxLMxMJUlZvc23q02ueFuMsWmLiv6rFYGt+gEwUx9GmPDOW6kTBC59xMYWFgpAmVbEAV2802sLT4Q36Tjej4ZvS2JjFi/pLWewKztEqq1FbFunFERueMt903OcIgLQuzlQhLtC7b/e59xP+xz7+UHOVn0UTBhUL3bw55lpy+Ilpwx625NOBo+B+KVrH97ZqHY/DD6Bv7LOWyrCOrvmA2tkeyx0tqVgWmCiV/kiaZMmyqzjV36gwW+EPEK7MsNCWGmv2ES524n6tOcq95qkx6N3U4JGWAOOoJnhC23jLcIsIHCTGfNotV+B12wCIKqjYXUAuHxtNBZRUq6m+sBrEUE+gAnG7XNxqC7tWAy4OYoubUuWUHFYACzUVGq4s1RZXDc0+kVURw4t9iOmZp0R3ZXAbpMksEIDKWxmUMwd9OVXevozRaFutV6csXZQVIB3wBLLtO1vVWV8SxLbbQ/V0AKrLavFcV0KGsc++4AAj6sDVG+qvJV8b+8U2eNUtoD8GlUDb3JhVmsdDX4o4R5mE46Ws4inCVYYIJyCNschBZbWj2OSy48pXMsp8qpZ5mAXdmiCt2F6t5k/DEVyVpB2aXVLp1vsZuGux5WNTVx2q3EWiIqBZXuy6ffiLTs6+pGsqWsIydWaFvEFfXKfhlbB2s0nPxiSWn+oKmvYVJjze3EZuN/8AkYXdcFfiaWanS2tZV6IPNPs19rYOyjjDBTuDOB3DUNuztK9C6rfSSOH2mqodVYKzLLe0K0aytFHEeizJit1j+hUS1L7HSuq1eSgk/SGup3wAOJGwSAesuoe2w1qhLEY5CJq2GaKSGy3Nvlj1CjV06Sg4QJpyyufmJAlJfUadG2AWxGTZckkAma26g2ktYMFwMMFUTTB3v8PjbAXHIGX0u14dj04d2Eu1VpvBFpRACMEwopZVZGLfoJfq79VcHrYF9h5uImVan7WWqt2VMqGBBwcky0LdilEFnidSplqVvcorQuyOFJYCVvcdRmwFlWsAlV5AkmaZdPrbQ95O7KAoAhFV9/i9GsQBGI/TIzEv1BYK4JZ668quDj3MDLavC31I3IP+I91dlmGJJx0ycxbGsb6som9qfqpEzmv9GhVk3h40/pHbCkwbpy6NK71wyVeeE9/m7iG5v5m/KIQzbv8AfVkJDLggnoRFfUve1j1qWFYA4dparWWuTV41RTADL9D1ldzNaLrCQo24Tgy/Vsiu6EJWG3AJ5kiLY9D3pzAZP7GNdqRcVDlAla5YkTS6gG/wWtC4cAMrAztPIv5Nxcvmi6hDcX4wjjbAMFNLWFlALh8YBMqVnYobSh/KJRWbdRm9VZThcLxest0y2WHU1KxyQAhI3IEqu1L25tBKJWBkAHGSTNEdNa7tfspIAA+sFCXXcfEB4hA4TLrCbjQj8ACgFmYSp62sWt7BUwtGGUmHgF62h9ksABIGdwQJ4ZVSGfBPXduLu4ROGIQvqsdm5M0qKNxCFPRhNTkL5m4ZaeL8TNL364AhYn4VEoTSahlpHxKs4dCFsDe0uOp1S6MpsmUVuKVWa5BqdIVYNajbL+k8a8qta82eJquxUS5wmHSCrVJwv3aRG5M2JfX0aubiI7lsKc4UZJIni4txxcQrIGM5yBnMveyprK2BdwASOIHIljvu7Ekw6fUh86ZyUsToDLaU8SwlSpd/8RQ999bKApCZIYDkRuMGO+LCjIUAZizQ1ZZHDFhgDE8Z6yTuqO3ytgmU8LFc7GUlhYyKFDAqMnhmpa+qxP4bBeFOrCFNVfaiO2chNhBqdLriHPMVMCGl9lAGoovUBkUhX29JqzfpdUpNZUvZXgfSVq+pvpetQua8lWA9siPbYNQAVAqfiLMPc5PWI7lnNSndxgsPpk7CbW+G6/hj3uzN4S+WEBWyxJaWB6EcdeM+aeKKdhy6cRm/DWgj0XePTeTxK6/LKNPUWCcPRoVVQtNUdkRksfyqc5LCawahlekbLLRrbAqrybh/pK7RZlGAKx6GZWP/ACmdLs3yw3ZWjWtzsCAq/wCaWaW1XFn7r7cMNTNxMQ0sGfiIluhS1jpbcFkBwrERU4iscs6zifK1w6Tz+I7AsUQeSONI7tZYRxWsoAGDkADJlVppNeqbFTk/KpJEqFu15w7fUwkq6nqAARn2OZUz6VMVgqAwBJBlxrNqhgwVAxX/ADKWcub1sckY2IYzx9F4juzBgCu4YRKFqNaKC+OhZtzGu1DOMKVUIueYmr0/i2lrWHD5ByXJHWaShbbeOpiWygx5tz1ma7L3otpFVo+EjHJhLlXXatzbWycZXZMyh7jb5MotqVh+Ie4B2M0BGm3rQlkc4bB9feMztrbc8qyxX9yDKz9o1dTjBtTBIf8ArLODWlA/INuVBgo0+rR25tHbxK7Nx78MOE+hSYQnyzJOZieYtMl549ufEv8AN9FhbH3BCgO3L9FjHpM93p9wBj5CRkiK/HdWVULkIDxAShtLU3DUFRE68I2OY1SoUrqARF9hLabqy1FoAYDYgjkRBcj33uD5VYBQsuqa26lGtaxLK/cnYgESgLZqLUrcO72OSWIPRckDAmry9nhXqQCFGQScy7ipeyjh4mABPmU5Esds8TMWMTTB7fEV+M+QYyZpXFlvBUqq2U+WXXl7OBw2AE6tK6rmtQ0ZVLFUHiXOQCMzSJpg/Hp22DgANk9TFbw9QpVgShUBUwerZwQJdUXurre0utlZwR9RkZBEqqZ9RdWG4rGdz5voMx6Vttt4mDKLBjwwM7A5Morb51ilPmEfh3MCv+EFZ5Ym5X8UCtzmW5kiamxTjhZoNt2iVKN2GWlo6cQEI7T7SOrd5hUCgQ+JbUq/mEwr5+imdpdAKS0RFvcUNzU+ZZ/r9Og9LtNs0rv0naY1CW8kKlWWVahNmRhHFu5SuGZhEypYfQkQiX0N/wC8Sa7Rsw48KyzCysFWgXfLdIoKAejZMrVmyqxSGh6ytXGQ204nY1gcj1mFvLr0DTGpoWz9T/Yz/U6KlX9ccMLdm696vRXwywmgJqk9amw0Net0V9NjdWQrK0XaxvNHe5WyeiQaasZCgktNwFiqBiKy2MbOjQ32j+PbuzRavC9CxgNaqtwXd4qqNmUszt1Yyv1aVq7M1aKSoI3UmJ4ymuzo+3D9GiahGnMq6zwNZRlF5OsLDDDkrgyxg2/FH37n4c4UgsZ4YLMx+KeUhurYMIxA5djpNKOJ/Qnp9z7HS+UWZnGrFd+kJd2b3Ykn7x8G6yvPPgYiFmYsx6nv5TIabXvBw3thZh8N+kJtWvbo0XjQrNrmmn0lRyrvv7LFqRQqKoVQOgEMMzMyy7r8K/mOwltn6L9zOPvcSkqT1EJYkk9T94hWZfYMRM/cELeiwobnKD8PESIVm0xAQd62y0VeUdzugIlhXo0xBtuFWPwjooEUQuvO1pQvopLREXlKj1cs8/jdu3n2RQs/j6/WXfWyZFGT6tPIgAEu0g0jNVYpRiVnj6HX12eHzR/KyxQ67BhHS8MXXdSfLB9k/jD06zgcHD1sssX0ac4cmZVGYQ+QxNTZwitW828p1Wk01jUX1buqnCwt9mfH0MXKRLVQ4KzDhlhtbl+GYsbzL5ZZ9p1f2eheqLxM0R9No2d15W3v/iENXWwaYeirHttA1DfVWPm7sqzKZu3F+acGp06sPQgEQ/6ZEPqnljHR6xgG/BbLHq05fi6o3FEbU1OqcmR1In/gC4N+LosGpCjwVYQ1DyoFEKljx4lNRXKMyr7tA3IjyCB2w1gYKxImF+L5o6uxdn5xzU/iaf8AFVDbpnX0ZSd1j1W8pZQWDLzWFuZ7uR80NKFvNzSFlRl9mmFnC0pDpjU3/wAW7/pM57rri2CVwstvc7s0xD93n/ubnaYSx/pxcX9AJqu1r+bHwqfJ+/cYeR7/AAF+MLv+Zp4fRf8AZO/+1mE9wnD3EQtOX4hLWU7ThTmoEr/LLQfqsPquJxQ4HRYWK58omnEtdegCAyxz+FZWrPkKn3j4tXA/zpH+zgamj6eaFRpV4h86wlCqn1VZRbrdIVNTbvVzaOauzdTczfPGfTdg1/R2i01dk6VEb0qLTFSXgeiUlZm03J7vaFlT9ta3S3VLljpxeGZjFqprVKl2UCA/ihwogLBTN6Kz9VEIbSUn6oJn7Bpv/wA2JpvAoSsHPwLEpqfFK7NPiEKW2kt6CA6HWmt+iWRdJ2zpSD0tEV6wjhhtD5VhVVz9FmUpb9UMPDUS3pH8SrL/ACGeHrNJ+jqGWF1qSqw9aX4IKtBrPIvRxC50r3n1rYNMX6ayu/lh1KzTs5YnjEfj/A4n8arzli0HENo4VX82waKlPkpOA8suotKWL+quI7MwS9V8yQLnJTu8LSVWXerKuyy3V9t6o11rstdPmZmhfs2gaJGUqW+K1vq0LuA17+ZssTwgwbsxaUavtJMUphxU3eWg0CP9fpDgzixDFwjftCSML3Zw3edpy/2qdPUpNlrBVml0CcqkCt7t347ja7cKKpZo97bc3juRu3cT35+9ymw7+s3hPdxd+JnG+Ifdu491jR9uTRFzGZjHPVmjwJ1ZRCvXhiJkfwiVaKAdmdo/zFR3censVvvuNRWos+dNmj6qjTabtPSdanXDzwn7F1tWqXdqUSEaD/stqNQV6vZMaT/sloqV9bd5hH0GjH/yqlh+1f8AaS5farywnV9p6y/62SrW6EOt1TbMzRcHw7+tLn/jBxNak4U1a/tN9QAwm1swpMxxDg+sKMV8LgzWwMLtzltNdjIWXCsset2Fnu0KihMw0apA6ey7pKjZa6adRxbtvM01cSAfE0xXVifBmDjXd44bGGHleOti7rPKJhb3WYdVeFNZpVZfR0DCB6aRRZzzQ5T+kvanXG1LV+Cxf8x2o0JvduZUB4/iVWUnbiNilZ4SWsmT5nXqsLWuHcbhy2Q04iMTjIxcw8qwu2XseJbbpv8ATrzW0lQ0VadPRTSi/g+GXPfsjZVS2V4YuF2WGnTVNZY3yxLtSiWav91SZWizzTDAp+cETymWPnDt5Vmo150dwryCoZCfLDSR4YXd3tyqqIVDK9jKVYvlkVvVSBCadKjFQQvgsrfujAw8eaHbdjYllTN/yWDg4bPetUf9+Aq0w4CP7WFP6Oq/8oXU2KnztW3/ACUNM1tXf+R1aYep6yejgzBYr9VnkTihBTeef9iOEzyhoQG+7yn265CatKPL+eZnD9wpyFm7flE4OrdwIH3sZ+5juzmHfu2+8g/mEO3fzgPXrHf5t5xk7tv+xBhdRuqtCSIFjSvqVgLcmlwxu10RMbK2W9/NLCsdmH4RPEpsZDBXrMI3R/wzZu7nNmZX/lhDs0yOJkZYeDUMK2IDI0stSqsuykM5US9NVqylFvEmX2UNEZ+0dOEK9Xni/aVYeqQ1Cq92h8HQH242m1VKShLZwWrC+mvX8tizz/Z8LybxYqW6lFf+RuKbakNMtuns0ejUUXezqOUrKtuyzjsfDieMv0nqDBqERzqmxbYW6tyVZ/qKvOy+eL4OGw0wwVgFG4mOkK1/qesK+EHq+m5jajBVeeSdlnwGxP5CBxGfYxohTbnAOpZUXP1j/aadKK15Gpw0NXheB7/FiZOvdy+2HQiAqbVToQwaAkJYP2hTV0KyejqGEP8Apqkf1pbhhfQdrfRL0DTKaZNWi9aH/wASyzWEaW3OPCsHmEtcGuzVdGYTT9nabcsSzlpbp25jTtyistZZ/E2YNDfqC1NDc36tFp0dAROr9WnMNZDezsp5r/LMLqrsejMWgFtNFi/l4G/dZ4WkdlqXTBmDerNHW8vYitjDvMXaOtt8lXQNAq6Wug9Hpyszpdc6/nGYToe0UtT5A/8AiE6/sCu7bjytX+UhS+jtLS+y28a4/Kwjumro8vV6Hpb962gRtTRqn5Mt1yt9OEug/wCU/gdnlK1xwohaxf3VjPstXBlugCt+4dVaXeFpqmFWzXKr8P6EFliip67H+Wq5W/ThJBE/iq9HozqUWE7WN6Iqsf3GTMOrKfRsibq05TpPMjLNm6yhHTF9/wDFsh4oTnuxMQovw7r+i/8AVo5Hw/c6d3KZ7jgfcJXuxnuxiHyw/cUwrCvSfr3P+VjN+lcr2yeGEQ7figf3nKIyzzc1n1t+v4pf1KrODgLFo4YQabtH6LbONWDI3JhuDMI3FX8jTgXCW/IYtZXFkK3FWWF9K/vwQL4M4bEZH6NCFU2CX2NUVzY08lZiUUdmYCqFziePrKMPM3OiTHjeI8/70AB8JW2j3amoLUOSzZa5vTW0LrRRv0KQh9BpWHvVDamhpVOtfDlZ4VOlpqduiLEu02pCUryR499SC5Of8GFfsFzCaU6zSOdIbFNi9SsQ6agJXQwAVuizh058MriLdg5jMo/FjyzbeHJn8VXx6jZf3n2XR0XU0K3xGo8LfRoU1eu+0WIwYUab+nE0JuprFPSrg2WYRVGOrThL+c7t5ZwnLBpx03OqLherSnU6y+vCZXjPlLrLXShhTUuXeeFoTdUH+CqkbwPfrL09PG1ZWI9Wt1zN1ajVll/VWlj3NXr3bdwCBZ+yzgu46W6h4HBrsX9GlldtZJKhRPCs07W0cIPGVJVWnjal1QfLCmjXydGl76xA5FWU+5qeI7tV/wD7JpXRt2Zi8JmcznPMA35pw7rDTqVpuRtirqCCJ9jXRJTSX8X/AE54ctM6LW30+zrxR8dpaVcDKHfzmU1Vdkvp3oXgU0ZZn95w6nS2Vv6OrVwB3v3+cLYJwae9CQCcKzUn+/DPHv8AEry2F8apbQx/5CVoLa36MKtQav04XELKl9aZ8risWfuyNMXWrZ7q/C37OogbTnUMnvVx/wBVZoU8elfq3B/RuGaYW5bTK3G789phNlmfuW3L8fwoPVjsI4B9EXuxOXd6dxP3OfedvuE92esz3q3QMO4Z7sxzn8JEfbkFg3jhWmOpJMQN1aZiL0CmIepZo56cf9A0v33KzjUc2/8ApELerd2P/Eo5tWZxad8Wc2rf4l7v4hNgG3F+KB0YMO7JhV1DAwsqwudLWxnk0yL9FE8qTZZyhZk3mo0roVoVyssv0Or4H60W+ZGh/wC8tC9dfJbamys8HTVa4XtyIZSsNnaeuvofOyALN9fqo2Nbq4767W6rKtlLKGCxR/3t2mccj40tOu7Y191P4DTaVmE7T7UH/wDUwXXdray+ld1w+GlnZNnFXVQWCl14SyyqpPrygNQYOVBCTja3y/JHLoVZPeHW7q1uVpR+pj67X/H6PCviCinhPkTIhZlDHfhELW1rW4M3ZpzhwuQ08XXYHVa+QX3aHS0WFlX9lE02iu1y6XSVNxWJzstaWUdkaWo6xa8hOTt9TKRoWT7bbswbfwp4+r12pusZvLl2/osDpWS5XmhBJb80rNzBC3OzmVisHZM7q9Zyr/QznSw6O9cq01mntrPN2IDBm9Zi1NK59/I0zpNXfp2/R1n2rs7VabVfujSypvJfUzJbWSMqwOD3GX0DJdgn91lTrztrD/suD/xhDd2c93Oc5gvOcw08jsv5WnhXtXany2oGmNR2To/rT5GjoiazSu3K0EPM9ldv1P6JaGRpl6k1SY9n/vCdb2P+qBqv+MCpbr9OnJldlvX9mm2q7Mf3u0rUN+6Tgp8axPl0mvD/ALK2ZbrnqKXXsVUPSqOFH5e/n3rp1O1C8TfmaCpfwd2SZzmfuZ+6e7l3ls93m+4JuZgCZSedSsyy7HA/c4nAv4nVYI3CPim0pMIYxG6tgT2WKufidpb6cIX6kx2HwEgQQcQhgtpZq7FOzLE03ahFb9LujTiQhg04knAxCW/L/tX7bNvC2nZq2jpr9TdbQ34Q2VnH2fqrtLqujMcrP9Shvo+dMss4LWNL/usD8SsrcmQ5EyrKwmRsfUTmHEwwwYeA5PQGKnimkI3GrIvKf6MJenUqZ4XaPZN9bKu7p5lhZ+Oi3ingX25psCq00eqqVXNFQrqRuU/ivuzcRrUkrC6r522bhhbkWImcloCzRVAnG/nuP7LLOL0OZqNW5w9ufN7TOmtLc24vljlbm8uCvFArIq2dXaI/w+UAB98gAwqlSqp28sfZlQkehEt0OsqFmhZslPk91iqozWQGQjkVPIiBe7NeqsrVefmngK6apv2/rNbrEPgvZcz+T+ZpjU0hv50nlqulea8JhXb6LMV7VKp4V6LxS1U6NM95nOc5z7uc5zdp8Uw5VvZocJw+6NP4qK3X+KitGL9laVvdCyTNNut0v7WrE1Og7V0l2OloIaJSpJCqPuGPa5wiKWaWam3Z7SbW/wAfssssb8Td2e88pic+/l3nInPv5QgmY7szeYnGZ5TM+0x3IOnEIqfK3FM82hjtjcLECiAN8sqfHwxm9XgbG05gszBjLOMrnuAboYYTOc8MubtP8jzipfDdU/EsyGnhaoGyvo88Sl1Zf9h9UjKzBfhhruHDYp4ZmEr5T6rCtlrNVHtpJ0ep6PV1b3WeNprxq6FXOaT5v1WCq9MOvNuTQIl6Of2aeVpvMhpuY9tjrhfSZXw3bHwtHNNGkqfG3jMqLA9vb/Y2j9kuDtE0P2xLvAQJWVbZ5wG3FxALYVjA63uxbAbj8v8A+TDUuWKzFNDMZ4lyJWPV2hCFbLScGzE4maOqSsIuXUQjU0BkZGysUk+H1UJs0QO6ZsbC+6x2LrmLxmxf2Ab2IgAT4SMKm4lnzRtHc/wAvUT69Vgw0XEtoXBPCpnjLu9ZEvC8p5F4iFz3aV9JY9V9TWh3Tyt6rhpvqzci/OsxrOzPq6NMHUmhvkuUiBqLq7l+ZGnPr357uc2M59+zTOYMtOLM+OO6FS4ImXoRvyzDrZW08t6zyYYeqzDCUaHrqG4rPatd2nB+O3vz38vvZ+5y7s4h+6I7U8GH2ZXRWVpjV9neG/z6Ryv9DmK2h7XVX3/hatSm35otWqRW4lDK9bBlac9ydopHJZa/qxAMUZmJbtC2NhXEbO5EsXPwzhPzNFTPxMV/qRHVixHJfoIrfNY0TJInEpme4zeC3T2sjxaNXim/o3JW7vEpcrBXfiq7+jffdE1FlLeqx9VpLWtTmVfzK0Om7SR9LcW5vusDK4Yd2Vyr/Ms40Y2LCNdoVpu6XVeVp9o7O1I1un/Z1mLb2Up8SWz/AE2nLwMGprhNvatdaeiT+L2o7r13aHgsvsmUr2HzxKrtFonVfSlVlPBXw5rYlXYBUYS1PtKItW7O9mFhVdRZqH6LTp3aai/V9h6wujeRKl4eJY76HQU6Ovl4t2pbiWLoWvF7oT4lw5tPMm3zR3D/AAwD5mjp+PhjupZXVZ466jjFj4UN8Syp+0HDsiZVZyZT1KTgyqxV/m4R5o61Vsx/kBM4K9NdxvsuFgupNF3rUHw04Nf2dqaV6uUJWUM+4RSrIVyGnjaQvo7OeE3X9pfTlSyhd1XriHhUN5e7V1FFZ2Ib9laWbROJVYEDM42rNFnLKQ29ldqsrzYnWVe+HnhdqdjMPevKwA3vp39LlnFpr6bvetw0yyt3c/u85znPimYw7uUDBf1Ankd0juL+IKuyvLtfbUilcUqE6LHX8Ffl+7ymPuH7hye7nD35nWY79YdbQHCsqq37wtodaU9FtGZkUC9PWozg1Omsr9nWekJpsgVlDQ8aFYFVl80tww3WfRVmWOzR8jKcJhHRVEC9Q7NN2+FZp1A5LF4tkVcsI+u7K2fnZRMNzU4YciD6ETKtCYczIHctWpzdR+7LBdprVdO4V25sqnHS4b2+8UccSNCEQK8L6F2ejn4T7rPA1yNo9R6P8P6NOJDmWlearMXqFs5cYE4K0WwumctKVVFa32+WcdIdUKr503WIuod7OGeFVwK387hYE13aVGn/AEZp9m0mvp4OjupEB7S7Uut9qZg6S5/d7YXKfaqTyqecNXZunTPqkZdHUtSMclYarNiI+j0Xlp/Hb88LCcHQwkNxLK1PJcGPcuzSy92+JgonAzArsctLRwNwdGKwLxbzHEi/Vp4VPHdYGyAkN2v0jrrC2+5VgvSLXpccC9GWElJYtwrKk7DEOro0lNV/V0UCOr9ACpnbnaJdAmltTKdW4o9y8OFYAgN5gTCZcm2DU7fsplqvlSyysJapPCoZfxQ0vaFf0aZR1ac5jUaWmwejqISdH4Puk8Xs3tF0hejUnU0r64ecHavY/wBXTKzFr3ac+jpM6bV03eyN34J7v1nmgVYcQ94Mt36GXqObWtNQD0dvvnA7ie7l3Huz9zMJ+7e/rdCCs2acGooV0boyiEpQafelsTOh1SuPkt2hN2gcqvN080KnK+oM4sQhLW+jyxatK9yIoDNX5pwurKygrHQN8Sy9f0mNlItKkwo64R7BOEdFEVOuzt9PwwXad+Fob6StOuX4k6PHR1KuuzIw7jDDOUF2mtZD19GgpuxTqfTo3cHqdlaCrVYR+jTI+8UsRWT0aOaUCvHGldrNPz8F4dLqgdLqGGOB55cOnqs0ljjfhZYiNyZGE4F+Eb8Mfj0dPozCsT/R6W7S6xuTVbL+qzibRNq9P+8FTA6Z15o/KKtr4913WcWQy/OnmEPmV09mMwyiFq2Yexjdk/bKA9Rw5M4uJW90IMLMxnxqv6w8VoCwNpi1yNzVYuNDfp9M3Kx6mge7V08D4YJCEK3L6J0iJT2Zq3K8yFge69dIxgvt7RN/rTau0RNL2TSi9bU4ZyXM8rt9GmCo/ScsyxfVZaH/AA0s7dWKianW02726jxGps+pKzj4YSqsQBkmWKrhuKiz+xhnOYS9vo/mii6hXHqm04LnehvRxA+n1Ndg/kabNOcdkExqqK7CV/GojsdJ4fvXOPQa/wCgeH7NqnuRffjnDr+zBZ9FZZi9L9O/uuZijW0v/KG7jvAIVb5YZjM591n5YT62MRL/AF8RvvZx90nHee7Kib/dxMTAEp9XsZpy7jBtgQiAFdjHa/SUt6tjDQvodVZT7P5oSKPHT56oceNp7f1Vp/q6qNYP/n1At+4w0/iUanRP60sLElr6DtDSagPyRm8N/wBmjjVaWxFLcQZllYLbKWltr7VLuxi1Ipa21u4WVuVZTsYq2kU6xeT/ADQpavDZ/RhMzcQz27uIHEWjX5sq6Wc2WLdTYtlbDZl7uH46+qzNbYbqv3PbvKXVq6xnoQccKIWv0q86n6RFX+FfW29dk0jruFfDcPceIQuECv8ANA1L7Rau09FSz/P8LfvDf2L2irJz8G0xX19N2l3wGnHbYPqkwjrdAEZfo0fU+C1L2nJKTj7N7Yer1V1yDHWjttGtTnUyMi/vB/3uNYb+vn8v9Iahofo4ubinh6Oilx0Z0Xj/AHnA9fDM1YU+qxhzA9Z51MdlqCvN2/eYevInw93Oc4fEuRYKFtGGR6l4RxQhtLiwPh13Xms46yFKyyxxxtZ1gwNvAb/ie/nNmnnyDM1Xsh6MjQf6jxk9Ld5jW6JlPz1bxUXWIvs/lnGh4g0s32M2hw0xdUln5lEfj0ChvVJx6TUvU/o8zodW7p7NmcGu0Au+qlZjV6a+h/pxQrorvECVZbblCO7MMs/LK/q3/KXbb+I0Pfy7sfd27z9z178fc0HefpDOJRPOIfRoAh8vDM4hXVUV2D0dY5qN2nf1RoTpNVTd7PlYTqdDdWPnC8S/vOCnVWBfkbzLM67syiz1en+E0uzprrA26pfhsOF8v1WXdr3p5KNk937wwbeDSa7az8Fsw+46P0bvP3PF0z+T8VbfC0Cq3h6jrU3dxoxUzw9V+jwMjBh98pfWrekPgFBmLqk7SWt1IaF1ZXhq1KNxe6wlGmGhGJw1XMoPNYatdoabEbZ+NAQ0FvZV79n3+nxVx2sq8eoLvbT5oAXX8jzNtnh/WYb288LeLxAnK8vLOrTbKzmrwtd/D9zONf3WfHmUipKzWW/iFmIIHtOSzzTdlhNuprWbWl5jTUTIsCfQQl9RY31aaS3JLqygPNFVr0XgvpYC3rWy9YUWpWVt1dPMrQs4w7ShX5lHWH7mzTzLNnC+zTo04uKZ02qur9laY1IS/wCq8MC6mm6n6YaDwdbW3s0HC0ws3YjuK2org9GUQ+Lok+qS+/RlsWqFKvMzMbusPqsrHu3/ACl/52me/lMdx+9mHaY+5y7ie47d3Zy//Kme4wwjHSYWc4Tgd5ZNifmE4mEFaD83FCl+gpS0rvbTlI402tf1VXWFNPQLwr/Gk0+iTmq5b3b7v2PWo1lbbK08UZajo/VfZu4zGJz7w9blWXdWXYgxdN2p+l3/AFgetldGGzL3ZRtuqz5X6r/sEbw+DrLh7BysJbUnUVpsq27tDTrqG01md35rA63I4+ZWmxmZ5oeBys4Ciskdn0hS3rdU3C04uydSNZp+lT7NPA1aXaSz5HU8MHG6kdHSY8VWmVec5hwrD3m7CfxdTWv1aYFvHMUVCYQhI4fUtP4ljNOfdy7uDO6MrTsa32f+yzijt0b5ppPdmX+kP3/KxWYbDCdVmxVpsZleczTq7F/WAXolw/ZoFvD0mZo1VTfRvuCHvtX+WV/Vpaf5py78d5mMTlM9xM2E37+vdy7iO8CaBOopWevdhYY3cXqjhX2m4hbE6L7kQxCBxWcPmiFWhOIG7sioIPV5m/VhfZFmLXssmRpRMJUqwrs0e7TpmvqnVYSs5d3CR37T+Exso61MYHobD/irPxL3ZBmLcsJlG+/uGhQ6UP8Amj5pT/Md9C1n5J4PaelNb/Ok49PatieqGZh2mJszL9DOELxQ1W01t5eeo83D+WC3szVWUWejtxK0/wBZQxT50g8LUnPVWmbsB5irCQg3uJh72K/FPMzMf9k42nYNvsw79C3rYI49GmYZnP38z4551m7YmxmJlWZZirVuw9H804NZpVf3SOumLi1VDMjxYYV7rfyyrHq0t/NOXcT3E/eIVe7E5fdJ+7WvqyiaVOq1L3YmYRCSYFmVcr3EZKmE427nUCKFXBWcpYyjbhJmMY8sVZhtTUvs0PFr6Ztc1n5FhFOmZvd2CzL8KJ6J/wDpGFi+0KOv0aYwqi3zYWZB7ufdnvFtLtXYpyrLE0vaeK7el3RpxLy7gyNMW7GZH+wVuRWEJRBDdoGdHng9qaVvL+NF/us8TTWraO/DTZZlWaOl9rKRua4tujqFbhsN0DTLN9zr/slOjTsRege3/ESxtar3c/CrRvLBfUp9Gmk/ktEs9m/3uFOcwcNMNlZsy92r9qf8zhacQMziHaWmIT1sf+8s/NM92SIR3cvubCc4dvv57j36NG5Ncv8AyiL04RN1mzTKwsqGHiPd5Z5sThyuYFRS0cWn9FnGj8MIfc91pVvJwxB0hMcuGX6q04NHQ9nuoaZtemn92mbdU7H0RQs3a2eHRkQlXC8JxgrNKx8xAnKGHvxneZmIm0CEm7S9Ufp+WeJpbVL9UbZl79jtMZw/+yUtRWEwqIWJxh4b+zr7k1KxdLrdK15PJ1HC369JxDVZbqiAAw8FzD8wBE4LApzyI3B7j7r0hin752jMdQ2w+XuzN2nBoOzdTqPdKyFn2y/T00V17shfLwPqLlfS6exaq6i4VVQ/+itF1VPCocsuJy4ujLKQpzWxV0J+Uy0ejN9093Lu5fcIWde57bHKVKceXmTEtqdnqY483MGcaPwU9Xfeakm60ua+Yx6wmu0P7NCDsRCCwIhlsX18Wz/lH7s93Lu8EuVwpYkD0OIrC0uGJ6QkjuJnEV7jvOXefvYmgX1uX73mRWhKqU91hanUMo9GEy1vmPROn7wvdS+a+o3EJdvC9FPOEJYWP82CP7CAuFYfMsBXmOcyjKT9Ydt2xDH3inUKm3zxVorQKOigAQnAWZZpkND/AElxawtmz/AiW+jiYLQ75+5zm/ch/mnOJdpbmrsXqsXTdqYqt6W/hacSsGHeFfcTiU/7AYHBG8NbCvzdSwMtKIOigN0hHZx8KzZstz/SeH2jV9qQeqhW/eGxbgtnSp/KQI42+D/ImnOw80fDQZmFVm+gJmGH79+FDN7CYOV9jDlgscabS3XEqfhWK1tNOjrPW07zPafar3eqIQizOl7Oodx1fztOGtFQDoFmoVfiatgJTRrFNJalvAd8K1jD4Q08C7I8MFOBtuHcmWfsZprOtVpSX/nb728z3HbvwvdjueuysvSx4tuYMSqtDXUhz5uZMrqQYVFAmswwqqCbKB7x0bBZtg/UTBYSttm5/wBzLirAEPLCWlWTzZ/7xyQ31wZ8XdvsJsC3uASO49P4Z/uJUPeGHlCeHpMETM5fcJnLvIImO7s8ej/7BE4W4WI68QEUsQScuT0JGAIo4FyxwCQCOpmUdwx+kDPYuF6QFHRgXXYMPWP5QBFDMgBYdRGhDNOKpxvtBqFutr4d2rrchWiVICwPq0LKAPVmnD4qzjXCueg5NLfZ/wDAltVR6ofp7zG2wy9j7ExqaCRR1PVu492eXdz2HtM/KRPKZmc4KWJv0vWp+n0nHpbsv1qbZl78qxnC+z/f/Uf3Ef6GFj8LYyfQzDqGHQxlCJYvyMI99Wa8rjcfTrDSxNwA5OCDj2JEV7bhQ3y2S7T6e9LHYrt9DFt1WG6ok4LLa6z0WFQa7kgsRv4LevNZ4iaa6ykdEU+aKPAp0iejn/AmNfrDeOtaDAlpo7NrdlHx2+aMERUAHJQBFA2rwNx1gVRudlUQsxyx79ZowX8Rb/8AT1LlsoxLR77VC3pUOmGvwTlhLz6OYUFoXLZKEHzS7Pzd3P7/ACBh4jwzylcNMd3p3az6L/maT6N/iKjNjUKAGTqfeau6oeFYyb45H9JxOuV+dYiPZhhnbB6kmB624ljq1u4O4IJhXTkMWQKP3M03JmCnLtCDek4sAN0dYyuvmWK9yh7PfcLCrXKDDaxUADawRvyH+4lICliWIAgst3t/osNNLebkz9BPUmc4Rjbv4pmDecoZieaHbuo/kRm/2U/KIHXcqx/bJnRlM8jBh6NMEFWBBII3wDAAzZJAGVI3MLMdhDxrn6oYRyVQA0AyqCFWwVPSBlyyHb9iRNaaXfCkBQGPXJMqbVa07qXKs4CxSHD8X7bTJPsDLNvx/wCBL3RkOV/WeCwK0c1xyaHeYb1mwm8x3vMgQ93OC2mxq7F3V0g03a4+l6/5i20utlbbq6d+GOUmVb6g/d/Uf3j/AE7iUYp9JwOBk8iICy5DEKwMyijdD5W3HSIqIV3MzUCksC6JriieXw5x20Jp+Lctc8S/W9pu7dUqhxoksI3y+8rWmpEXhBAUQ2fiY9zgdF7iUXLdBC2SWPMn7n/fA21elK/RlLcmiqMMVBC+biO8L2hUH1jtndVlvdnE5TlD3ZAm7Q7d20xaqt9Z1ScSYsH8hyZgrvNX9F/zNJ9G/wATIODNWrv4yqi7PC4GxJBBjouyjBURPqf7maj88ubqEmkrbkyFmhwMS2vouCJp/cf2yRDjYsQuZgYnDvgHOIx/kP8AcTixFCbIdmfqIPQTPfzh2mFH3jMLMmN7VNN+7mJzhh4hOfcn5RD+Y/3M4gSrnqJlyGXqw2IhI+Jd1MQ+rL/eNDFPViTHZujFR9AcTAX9SQf2AhUJitV5tDZbtXef2OdpxUPgp8PEvEINMNLo8Z3clotuaKgFywbJJjizmW9PYTWOoLVirzAn2mDh635GFX81Z+F+hEw0x38piFYu3cZz7/4T8dH46X5Ti0z4s/FU2zL35UzFv7wMvf8AqP7iP9DCxOFGwAnIPFZwFC7gRU9+IxD65WKy7lSdvUGFGRl4vp/gzDc+TCYChx03wYC4CqNwIKx1IJ+gMNZ5r/UQlAGU9Jv5F/cx0YhgVJBj/QxVckqQMNC6DzdR0aZHffUTgMyf8pnR3WaS368SwsaPtNfR6d5qFZcMFhMO027uXDOZabL3ZIVZz4pssx/mZaeWbTDhW9nE1Z3r2X39ZoaqHRixYDf6RagxS9ednrNXkIwwu4aeGTkkktHZd1ACgwLndWIlj1JxqxzswBji3ybFG9pp8HDCoFTDlF2bmGhyQzscsYLl3WsgADqN84hXmrAEGbIre4ab2Ys9uUZG3YIQfrkSpq2KkNCMYYbMsLpvT+5WHuzOXdiFu7EJmO7l3fStpnu5d3k7t6lmVtZYm6nyiMrKVQE5I3J3MPAQyn8J2I+hnCU4F6kkE4h9TsIP5cH9jCo5mEtUQBz3Bhp6ruPcEw2VAEMd1/yDMrpj+rAQeJjA3VRsIVsAKt0mEywHQtgiG/W6ex6VG5L5CkwVI1RQN6gbD/MtWhTcGbO55dMcjLBaWRLk+AN6CXKBxIWIZCY1VuiDKevi/wDpDMfexOXfjuzupi3ae1q7F3Vli6XtbFdnS/krfWcasGDDZu/KtMN5W7ypVQCMEhiYWUlWm6K3uG/wZgKq/U5h6k8zCDOSv/QxcoFCnOeKcSnhab1qfcN/giclT6nMPU9SZ6MORmOFW/XE2RV9yY4JyzDBMK8C79eKcJ3EwMMOhJI/wcziKhT1w2c99mlqdUfKspb+WHuL6jSqH/8AiJ5Wj26Zg/7K0d/tVey5KW+VoVNbZ9Wnk5HosLmliIpvuChuijJWfwc2AdZhVCdAIcvl4cQni7+fduZcy0mwWAfixiUkU+GUzybMFV2NRUOlvP8ARpq2TSOjKq5AcEQquK0/czbYQPW31XmCIeKg/o0vtxwBhuv0E0S7OgoXZvpM+Ac/mEK7InUDcn6mbnYQ8B8pO6mb0/swnCFFSe25hdUDDhK4zjmc+hig1heE9Gz/AIEW1DhhCp06n6v/AOkLKpVei5z/AIE2+4Zw92cTMM3bacFFXEYPF/VVhDFA7fJML3YmMd/ObNmBRSDjqWIm44WHWeYLZ/QzArUfVpxM2W6eg7sKAy9FMNRq3YEE8UDA4Ycj1BmGRX9wcRKDaEuxOIMWXowBAMKgFm9MGZU4MdGR/MOQBESwJa7I4Yo1RJ/cTD8GkB5s1RAH6yt37RQuFA4+n9ZqWoVrKfEOHRSROLxlQjOz7AYI65946hgwViM/Q478fcf833Dv3793hZ8bSZ3pf/E49Jb5/wAVTbMv3OFt0hZDvCGO4xyBnxTAaED9zsBNmX6FSsUnrBwkEkgTlyALTZphTOmA2Mbz4pswmCZgMJu0zxQkNsIcbmBeHr/nHd1hY1qx9WjzhnOHePVqaa7q+quoh+zVV1n5HXiWOaam9rNPhvL/AMo6AMyNuw+IwBlYEtvxQhKlwfxP5jHVnWsqpbLZ8xldrlMW+jQnl3c5jH3LVN6o6IWVSpPEACTA70uqnkxUj9jAGqcZ2AZCJrxYhXISLZbYtKMMoCpYkfQRXW1HVjgFQQf1BhYAlepAMssxhVI6Hrnr7Q7MS6FtlM0isDlaVnsIyFgxUDkpEyOsIPScXT1mDCDn6EGFlyQOZAJEwu/sJ6cuY9Tj1E8zKQRzG4G5HfiEQTlMEQnMxD4SFjEt7Swj82SYuDqo6Ks4NN4a+yTnOcI1d4e/pRVu5mm1aoUF1auFbpxd+xnm7gHIE+KfFMjfPKE5T9jj94WcgYhAOWHSDIxY4BGx2BnF1mzTTOp6nP7GWW1Ow8i5HoSYpFrDzkceTnA3AzzxkxbN2uOmDrnq0vCvYwWtssSTg9CCZRYrEKSWZgSCWz1InZialigJcuWYgOR8JIjVK+s1LEkPSa6ypHuC2BNJpXbUaa3lU6gMrZP4hHRt2ViCehIOP9h1+5ymDCVhGJlZ6RL9Na1dq7q6NE03a+K36X9G+sDIysrbhlOQR3kg4IirqCygovCQSJkN8agNzGGPsP0zMNkcO5XJwCf+gh9iG9yBkf0JBgXiZh1IIIH9JkswJbDH6cgTkYErPnyGHmOBkE+xJInxNuAWPEdzxYOZwKTgbjzcgf8AoROM82hydvEH/EzJdsqgK+Y+phGebMvCNhyMVnbAOeIgkZMq4iShY7nqMiKCzeNxAFcmO3EwbjwT1AyepIwIvxMQ4Kk/2BySRNS1Lt4ioxUNuVbfEFPbuk+uoo/ysF/Z+srvT+Rt1nOPvDAe4YEILQwQ/aNOOP508sytNWoH6rZCasL/APKu8sxqNNZX9FhUMwA6NFsCpxAAYAHDDMryaHeewPfmtAzCtsftLKtWbGpKt44s5KMH9BNNbZe/+ksJtYufh3Ib/E7SvdmyxUL7DfaV3sjNS1agcPTHTODyMFxWxAXCkPgkqTudgDOFbNQCGAWtFHCR7DM1SoXSvxFATPIHOZVaLn4hTxAluuTK9XWzYvpUpueu5/aH6QBSQSy/8Zb5mbycXrwnOMj6CVmxmKi7hJYk+UgEicIZywfAr3xj+2Jq7FyXD4B3JC5Mu8zlRwgMSSck7gGKtVt6IFHhhFGPqNxk555E1HktRGK8RQgFSPocYJnnYvxAMGIwSDyyJsMTl3bTDNPKsJZ5gNMpPE1lyqPlnhaGjgX52mXL2WNA+pbw19OsxTUF9WmNZqgb+lFW7w0dnD7Dpj8m9jfrPFvsWio7s9x3aVUIw4akVB+m04Rn9FP3WyxCFzkzirJJB8pJO4/yMzAJAY7HJ3XnBjYbqPbI2nMg9FllVTOAqAqygE+5HIbCP5rH5YJAwp+uSZXlmJCoN2PIicIdj4i9WPxcxn64wYqsThBuCTjJhaq1kJ6rCtl7mi1sv5v6xTW7mrooJKnE87uxU7Escib3W+xDGOwNyudy9bc/qCYAKrlROTB8sSTkky5e03uv6ILiFgOhDaalqgCqt9Z1hE5w92Qe7nDOU5d3P7hmwhmRAisb9L1pc/8AGcelt8/Nqn2Ze8kWP7+YwKuSvUZ/yYQdnJJxN5uWYA9WM2JX3Bh5/Ukmc2/cwgDYqVBBAwD3HdsdRkzdn+pYzm+fXiM2LD3BIMIDN+rEic7MAghS+VgG+R+IHBnUn1JJImGLN7Ekx7uyLjpLefhPvXBcyX6Vl+G+k+Vvo0FHbVH2pOtybWT/AEGuR261fDYv1WPb4opHVm2WeEzox6cLAzGZhodoSsxju4fQeVpwXVLajdGhSqxqw34NmWO9VTAquxr3VpYuPEC9UnDupE4QzY7j3Z5x/CtZA+zcPUQVW6mxk9C0vo8K8X2rwlwwA2JM14b+SApayZABAMZmdmJIySZwC1wnoGMZVZlVhggbAiXIzsVVW2mhRFdUWgY4mg/eFha+eWeIw4tf3wx3MKh28MjHBk4hUWOF9AxhdjYTjAcMQwnCGsbJBZrGHTkABsBmEK7qD0DECE1Oy/Qw8RLE8ye48Jh4zCwEzMKIZnU2rx/IN2hTSIa0+Y/FNw9tjfhgfVkUp8q7tOCipV9Wh+3aoeP0oTzWNDR2d/oNN7b2N+s+1PS6UtubrusBucPAlSTp97m36MYeHPF6mbjAAxzhVsMflm7uF6KGM+mMdCMTLMzH3MYcTeVgBudopwzYIbngkg5GSYfQkn1O5nEo7l0V7eXksz5mEBCtCMtC5WWBE3aVn5fctOf3Oc2EzMrB6nnM92OkyvfkGYacpgie8xEv01rV2LydIml7Zwj8hevL9Yr1MrIwyrLuCPuYfzLMo3/2A12otlbDDI6ggj3Bj29mn7Bf+9bfpPGsodUTddTSdv3i0a9/tla9X2s/eHwnKXN+C3ZpsqsJws3A/wArzEwsM5eSZh7sZysP2nSrn512aF9M6nP4HmGThX53hWxNhsHXdZs0LMYW5TcTn3X+jQDinMGD+kzLznkjTSL6Urmc/hEPccGcoZyhmAO7GOKELHVlmCeIwhIVut47OiJ5pwaZPBr9V3aBQjWu0V9W4X+RJwaehUhOv1a+L0oTd2/SPR2WPsGm9Rvaf1gKAqj7vqbuX/Vot1q/bdX89w2H0WcInKc/9gs0KU/vCzHvRbrQrucKn4mhuUbOxPeSTOL4gYGWeHY/nWYZ4cNDvHNarYvVJyuUqfhsbiH3Ce7Oe9JzmGmO7GJhu8gzb7vCj+JputL/AOJnTWcN34qX2ZfuBlaBbR+s2/8AsBV1DBhgq0e3TL9g1J61bp+qx3fTePpl5X07r/6TgL+NV8lsCOfAtb8D/wCGmabOKvojTgvU0t+6wOrKw6FZ7d3KHu8s8sIcKydVIyJlVbTv6puv7R7tMo1SdPA5/qswy44DhkfZoRM957uc2acDS8eqyhPSte4lhtDiY7hDMd3ObCZXd5mFS/jW/IkK15pr9EmEqa1oG1jj8iTgopVB/LCe0NYot6UpvYfosejspfsFHz87TC6K78TZa6z/AC0W3VAazUe64Rfos43q4U4eFV+Gekzn7m/3d+fpPRPl+4+l0mL9Z+61/WPq9Zc1liqxy30MpH8veW3h2nDmLbVsVMW0NvN2MPCGhBWO6r3cOJj7mIRAZynLv4WhbPdlWhwe88XdmbwXU2tXYu6ukXQ9sjHl21K/5i21Or1sMq6fc2O0xyf/AH/O6rDwKWhUuFHose2qr7Ne3N02VvqsJ4PFr+dJiq0snyPusCatfAf91ni6O/yH5d1acGrqx/Ok46XVx/LMTCmcMw0Pr3YKzipdoU7S0Veo9GbZv0YTxex9d4LdKdR/hpfRq2RL6m4WRHDThAm7FphSSO4d3CRLFiL1CiBZmHuzMwtOUC4wJyhYsEXqWhSknUWex8sKs5rq+RJiqlrD1bksV9Wwf+RNlgSmpUUdFEz2hrFFvSlN7G/SPR2SPsOm+fnaYXRbLnbdrX/y0FmsPj2fJyWKihUQbATiUef5jPNhpg5WZX/YK1fvCzd723WrXWvmZ3j9ndjZWldn1PVvZYTxfVpe/pTKvZRD3eZ5yh4V3mIGDnw2+KJaH4uJZhOghwJee7n3c5mZ7zv3YJnLuzME9/Pcd+G7+UJlfujT+BabNP1odsrP4L+HqAPNS+zfdCv5kmUb/ay88iTZys8y9xhK9xY1cL/MsPWZ09zJ6pzWcGvp8NvnTdYL9Df9GRpjU1+Ivzrs0/hWrn5G2aEEd3LuMI7szXbZdr3LN7cRjug3VhC5JMwBOX3FX5rF/wCUWEkTYQ7Q2O2ITxTytxQ7TENtzrTWObNDXoUOos+fkszqLWFfyL5Vn8Ggt6u2ywPqiLW+VdlgSpFVB0WE6/Vr4vSlPM7Q0dkr9goPUb2n9ekLollzs2Wsf/LGB9a3jv8AIuyxaVKqelaTCrwju5wKqzNxx/LOFV+9lmhA2X7h1Gttx8qLuzQoSadIu60J/dpay84TjeajZearB7L3mq1e4gGFlXuGlvfyNssGJtNTWRzSEEzb75mZiYme8/cxMQ77d2DMyhl9WEGILaXZLF3DoSGUxNL21+moT/MW6i1bK23V0+5lGmLRwt80yv8AsYIhNR3+WYZZhhCUmGXuO0OBGDLDtD1nHRa9bg81gTX0hx86Tj0l6sfRdisw/wDGr9HmGbw3+V5mGEQtAVMziahrckGxmjqhYIxBIaFectLDZWE2Wcpus5Sgetyf8pkLMTJHWZY8MxiXqrZetQSF3UZ2AJh4VXoAqw26vUJTX/NDV2XQbG6Wvss49Ze7eik4VYGqo8nzvssD6j+M/wCyzhRFUDkIft+rU39KK/M7Q0dmD7BpvVd7T+sPhJZe7bs7/wCWgs1z+M/yJss4CVr+WtIU0/8ABrgYqWaZxNpm3yJOFE++VSZb7j6bSY1Gu9Pw1/WPqdbc1ljd1jdeKZj5PO5V7yIdUqzOYT1BhzA3Q9w01zYtXl79xAOxWWJ/N3mYmO/H3Md5H3c/dr6MGHeTmFtNbmrm1Lbq0CI4p1eN6X/x93Y5E9G/2cMsJqMwwmCsJrh4lhhBWHEOVh4lmVnGrMjryaBNUBqE9eTTFdqrZ8j+Vp/Bcso/A0xcjVN+6zjRlZYdoeJoZqKhpWZvRsnhha67w6m5pBXplWx/ZZc1nlK3coeGcu/Rr631/wDKLtMzhxDxQqFmqfVa560tvW7mAG9oaOyaMD53WeNrbnsb+aKy08CfO8D2jx7PV5hVCgQ/btWDf0oq8zx6Ozv9BpfVN7T+sIrSy923Z2/yxgs17+I3yJsswTXSnREhTSKa0+fm0DuWdp5piZC8KfM02XL/ADffyxmOn3HvvsWutRlnePouyCaaeTX9W+kLs0PcW9WnKaf3uZu8kmOW/wDD+GHgyUaGbcoV/YQrFtRiGWBs4cDDLCOjTUL/AD9/P7xH3c9xBG03EO/3TvMET6Mp+5wwMjFbBurJE0vbObqel43ZfrFv0lyXVNurp9zIMxb5lmUb/ZwyzZg3cQywmswhkh2hysOBDlYQyQlJuIF4/Gq+S2cF3+nt9LPh/Rpx6a3Y/LMairH86zKOGE4Pm8oEK3X10v0RPM0IoqYj57P8KIXdmgeqxmHJlaBdQ32ez1cZWeKFWyvo6eZZgibNNAuP/wCJWZjLGZVJnHrdSpbpWm7QroaBSnRubQWal3dz80BNYpT53gbg8Sz53mAIV1eqD39NPT5nj0aD/QaY/JvYf1h8JLLnbdmgt1z+I+fgTlAmUorWGvQoUHzt8UL3M1jzccM2WYrQ/mnFb53mFH3yqc5v9w3at8v+ClN2aEXHwdKu60pMATMJ7kh4ZpvozT1JhEMXceHCgVfF+aPW/NZibGZ7lsXkNmWJdS2zS737sd/L7j7fe5TEz3kd2e95kd+/d5hPF0Oo8v4q+atFotI02t61Pyb6Qfc4lacNv7zI/wBg9DN9x34dYTUeKFWWcociEzlDlYSuVmCs/wBNewXqjeZYE7RpNL/Om6wX6K9XTo9bTzqrMB5XhwsORtMBWzC61BoVKlZnSamxB8vNZwdpaL/8ajy/uszoNVXft8HJx9VnZyNsVuy30Cw+EYTq7hZb0rSGrRp9nq/k3aBrSzO0VvDFaerwMtQez537imp1It1PTT0+Zv8A0j0aM/YNIeifGfq0K012XWc2aC3Xvx/yJMKtenqWFNDV7cbzxNQ7O8xgLOU4a0LQPqTn+SBUTA+/lpjp9zMfSdmldRrOr80rj6nV3Ndc3NnnKZmJloNpWqzPWUq3SjuwJyhbP4h1nDDfUIQwxCFhwZxKu3cKbGPgv/SJaDs6f7GIe7c92O/nvMTbuPcSBM9z/lgMzMf47iZiZAmFOCDE0vaYOq03IP8AjX/rBqdFetyN6fd8rTB8rf7JZPK0w69+GWE1HMIK93KErM4h2mwxDtxTxNNfZTZ6pAnamlFyf/Fq2acek11bv1p5MsxXUsLPWK/dRM6W39HhXWaUfnhfTP8Ao8xbUyzjqYq46gyhtUi3tQfK77NDVSxpT+SeZWd2ge8ClP3aYqpUt1d927nS7Ui/VDlRTu0ejSv9g0vpSfM31aFKKnsfq0D9oPxnn4STAWuilYa9DVxn53niah2Y+jTZMTlMKhZjOO/yp8sxWgX/AGOFecyT9x9Tq7lpqXmzR9H2YXo0nV12ez/pDv3c5v34i8I5KIJYOq1oveYSKVcL+KOjBVrj1Bj4bLHQGfN3FWhXPcldrZFey9/OHu596j7ue7lMZhMzmcpz78wxD6KO47d5C7Q5M5QiePob2rf+jRdLr8aXV/XyPM/dw3mWZRv9jhYAgwtUf0nCy9+HWFqt4QyzlOUziHaHabpDwwOjvXYvJ0OGiUa9Br6B+lv7xUo1go1LbeBfhWnOFWUMISi+GfVYcotyQ8Kml58PiflnHf8AwU9ObTFNSr6t3Oll/wBq1S/+4o3/AH9I9VL/AGDSfJSd2+rTh01L2HmzTxe0bOM/IkwiJTUv0WFNIniP87bLOPU2M02Xf5py7suvhpMIm/zf7GWMwvlH3SLmFmpb4KEO88XV24Rd0pTZVhMM802WEtMtMytehYCYQ7xFmob+bhnEe9UDOBA+zGcNq5SWeFVmxYUK7rNxMQn8Q/20mP8AYx3Zh27s943+5t3bTzd/KCi8nV6Pqj/En0njaG8P8ycmX7uVnDd+8yjBh/sYZRC1RyJhh3kMsLJ5hDle7lOXcdoQyiZQzDZWBE1R1OmXbwdRlolWvz2defn3r/RottNiWI26upBBHse7zqDPIiwlo9S3DWasbeDT/lo9S3fY9I23g0f5acGmpawwW9ovxv8AInKcFSJTWv0WFNMvjWfNyWBr3YibLNxOUyEwnzTJXjf5pj/Y4V3M3P3C7sFVRks0fR9ikM/JtT0X8se652ext2d927vb7mYYZT+YTyrlpQPVxLG+axpwnv5RTwKEHtPKtkKMuG5sWBh1NNWEnl5CYY93ED3c+7PdynpOc5zI6ETn38/v5mczn3mOoIwG7ufcd+87r9zlFv0t702rurpE0vbGKbOl6fA319IHR1ZWGVZfuhkaBbNj/s+Zd4SPMPuYZYWTzQhl7uUOV7tlhDJn6iEptPMpmeztfZUOtXNG+qxKe3NIaH5ePRuk8fQa2nUVeqNHqS77bqv/AIVH+Wj1G/7JpP8A4FH+WnBpqGsgftF+M/ImywJTVXVWvRYU048R/wCkzc7cHReSzZeJpkjfuwiQPbh2nCo/2MmELy+6dTrrlRP6tDRTmjQ9Kl5t7t385ym4h2mMTHdsYnqsVsyvaV7fSHv81iwBh+0ZjhflhIRQT+pjpuzN6xsMgUzZqpu1cOWrmz1Ffqf+k+On9z/0j1tzViv6g478Y+4fuH7+O/EJA7n7892O/BmAO4jvCo5u0vWizl+npAdNbwX9aH2Zfvc8j5Z6N/s8sGbrkfc8ywsm8IZT3NtDtDww7TlCVGDM4yJ/Dtevi2bgYrODTUs/q08XtG3xH+RNlgWmqumlfosK0/xn+vlnnbCdF5LOXFMt3BUQtOLUftOFFCj/AGcLuZk/deigrfrOiLyX3aHVa69rH/os4e/K8hzczZZnux9w8XJV7nfoqNKvywz1gXrD3dhXJ2bp0L0Xv9nqBC2uhfhBJJJyVE7J1Wt7L0q2X3vSUNJRWUFMNwrgdWE7Q1DaI6ljrzSqJWrcC/RgQIdAuixZfdbjULpanRd8D41bZcdCMRRfRonu1mUoxo6latFOC3EqhixOwnYer0eg0enusrcGuugOrEOy7h+Li/WaXRvoNBqTpG8G1jphWtjk4basLy5CdtXarRoKx2n4FTrol1OAGYlAh2Wdo6YVClE1DhawchV4iQJf/wCY39z98wd3P/Z3PdiYYzlHmJt3Y7iPunuxicoltTsjoxKumxBDGJpe2sunIahOf6xdRprkuqYbOn3ciYfzLPI3+xyhZPKZhl+5hlhKbwgr/SHaHaHabCHKzdYShNbQrUPtWk6piF/+7LK29XYBZnUOxTonJZy4p5pgLOFVLTiv2HyzFSBQP9nJmBy+6919i11ruztH0fYxNdPJr+TN9PSFm8xYnu8omJkji9FEy289PuYmO61oMHhmoPokr9lAmYYGm62TOGiGm+3/AE+9YDnydfLvtEt1F+ouvXHBZZYWZfoSY7Uau6u2zd2RyGY+5Bj0pq7hXZu6C0gNn1ivYXdUXCjmFGSdgfqZV571FO9Xm+DfO2+0NreO1hbjLnck+stu02t1tL2nNrJaVL/Ug7x7WS53Jyx6knckkmWuo2Zy3dgmY+7jux93OfvErOfdz5rCIGAmO/nCe7PfjvdfR2hIM8XQ6jC9am3VotFpGl1nWpzz+jTP3OcDK0xd+8yrBv8AYwwhaqYZfuYZYSm8IKnv5QzdZgLN1DTl3coGt8qTCJ/s5mF3M3P3eLU25ubdKU3ZoTc5r06/DSnKYIhLNN9j8swZz4Z7ju9phe/buMtbPUATGJf/ADMqzE2nD3YacEV8+Xk0yvJoCG7mRnCwru3dgLNp4gGzTnOf3cQj7mf9jE5zI2aY78r97EPd5ptMQmW/m7iZz6xKO0SdVpPX8awajQ6hbE+vmX72UaYfCv8A7OGWZQTlwmZxnvwywlIQRDtOUxgzlwzZZynLCTIXiM5f7OWmB90ljH0fZJF1/Jruap/1ll+pua65t2Z5uJ5Zn93Mz0bq3NphROEGYnLvzCAZnE3EMLerd1Y+e8d5eFoYsMSfrLtz8UuzvB3D6RYYYfuNBH7h3DuH1+60EX7jfcPf+k/Xu/TuPdd+fuaHu0nhWunEQG4GIz/sHJP+4f8Aa5D/AHD96/wrHTK9D3CfrFiQ/mg+sH3P0+4IYn5j3af/AM5u9vy93//EADARAAICAQQCAQQBBAIBBQAAAAABAhEDEBIhMQRBIBMiMlEwBRRCYSNxgRVDwdHh/9oACAECAQE/ANptNouxdMfoTEyz0WJiZY2Pt6UPSiK0Rk70Wq+S0RJ1Iv4IQnTPyYxaQF0xaS6EMStEdJkOzH+TJdvS3oj1pCVykhd6enohsUmbnpWtaLRGXRIeiFpWq0iOrZuQ5G43EXzqumLSyItES6EMRFaSMfZGVMfb+C05qz6WzI5X2Oaqx5lcf9n1eJ/6FPlEXpjKVD7erRQ0LRIyFER6LRCei0lOkKq3WSTVoY2QTm6Rki8bqR9XaQz2Kdm4tm+yyAhiJdaPhEeCOjdtmM9l+ixPRaJ1FjklGDZkXEmh8QxsmqWQjL74f9EHwhGP2eh9vSmNCSGhIoiiZQlolY4UOe0+ozeRkMTJOM7sxpKHRJVHnsyTSlRGW37miDg05S4bISUGnX/2ZMadpkobZPkxtpLRJihIjikKDihdC0n1qhdjEQXJFcsiKQmJiPbF0JK7GrRkxKl/oli5mQh+DIx4EYn2ehrliQkySZRWu9IbslJRFmQpWLqyXCZnTTIibYk0rsllcbtEczkR747ohwrbLtIzKbtpCU3FIyZVFpImmknIytY1aHKLT2mFb4DjQqEImIQibLNyEQ7GimW4xOokeja0RVm0XRTsXTF3pJDirK4RQzCemJCR0ieeUp7YmJtxqXZONDUje0RhJu7MTdtSJqU2TjOPaMMuGzLmakrMmSXr2ZelYkm6QpKkiNNcEkq5Jwcejc1L7ezDBRyuLd0hxtyY5SjFmLfk+5rgy4YY4p/tmWLyU10iUFHHcuTBG8SXsxY3GSJxtihQ3XCFZMS0RIYxdEOxr9lP0TW50ZIEYCjH2jZD9GzH+j6cbHjVWfTQodmwa70r7Rrkl0Yn9wumQ6EjypOGPgU/t3GLI0kTZ9+4btjc7pGKLTZlnUGoi+9ciglwiU4wX3/shGcW5p3+jDl342p8S7IYptcLkXht02ZMKiuHySjLG1auyUWlUnZFpRk0YPye/s83dsqJ48W7hMhJQi4pGPA5rdkMrezbHswweypj2wkzBhls3SJ1boVlaT070loo3pAnzSINw7GudxK3I71sXZ/ie0V2NdD7YvR6Y+yfTMfZHpmL8RI8x1EySb4Rjk4z+0yZm5KyGTchwqVp2PK6SXslnayuC6Rjc0jdbcYK2TybsfPF8E23sxTVkprM1HG+jxvEeSW7Iuic4w+2JnytRbF5Esk9qIzlPmPoyxWOmiVTSiiOTfkT/R5FvC2vRGeSdNGzLGSqPBN5ZfZ0jHk+lLax/Vm210Y8aVe2P9GS97NzFpPoWjHpdDIMlkdoeVtknIhJ0yDdCyQN8RSRCmzjaJ8rT9D7YukJdj7Jq4shxIx+zD+LEedxDjszNOVLv/4MeGWRJofhzkrvolGcJNshOMlaEo7ieGbk5JEuHU1SMbnJ/quie36aU3yjBihOLlF8ni+HjxXRLyI/hAlNQVyJuebhdGH+mqH3My5MWNOKNk8kdvpkMKXZj2RnwTrJ/pGDFCFuKJzjHsySjklwR8VOVzVn0qMTSHNWZWlMT0XBNkWO70loluekSXQmtw2txJpIXQ8EIsWOJtiY8alKhY04MWLlMeNUyarkieheyS6JL7WRVSMU1TMDtMiedByx8Hj+HGP35OzP5iX24lbMMPJf3ZHSPo4pXGLsx+PigkmxYYRe6KIOLPO8jHzGrZExQ3yojFQVRM+fc9kOhZseP/sxYp5p3IhCGFXI8ny5ZHsxmLxEvuk+TYopyk+B7s8ueIkMKS4MeOrcjJlSjUTPmbpGCDlLgcZfsarhsTpi7PIXK0STQomQS0RNaI9kTuBji7I8zJvkj0KSmr/1pCvZCNVIX4yRf4j/AMjIvtIlpIlL/kVDJtKLtkZRs4XCfZ43TQ5qJPIk7kSjLJ30SePAOUs/ukPGox+wll5FmkZZzlBsUTHiswQ2QbM+dJVBkszuo9s8XxZTdslKPjwtujL5Kyy4lwKEYKsfZkzfSVyZihPK98+vSFjpEXGLuRlzOyUpv0Y/Fk3unwRccaqI5uWq7M/oR70yC1lzoojIdMxOnQ0opmNex05HohF7uNKqO4VqKY+HJDnGkjf9zZLKq5MmeukbpNDy7MsUTyRjFNszeQss2mv/AAYk3Gv/ANFFpcGDJtsnk/RjSjzIz57X2kW8kqZKdUZftgpIlFN2JDilFEcViSiqMuWSbiSxOXETHihjmoVbFlio1FWf1Cbkkmbk1R/dSw7Ryj5E90vRHysa7Zi8tD35najSFiivyZuS6Req1zC09GTvRIRI65FJ2MiYlcicu0RdQI9noxyabLmOcqV+j+4nN0T3vmxNVwZJtCaPsN1IzZ3LJUDdGSRLHud2LFtVIWMzQrHSIQlttE5SkNTs8fAnboyK2JvJjX+j6bFCX6FF+xf9G1PkeFSdtChti0iPjd2x4otVZ/UI0yHdCx48ac5K2S8qLuoUZp27R/TZJRpoc2/iokYInpNfDL3rYxxs2kjH0zH2dtj6oh2RZu5Rv5oeVIWROyM102N7JE9soijCCuTHmj/iicZTTt8EcUIdGKxS28UKZY6kqYnQ2WKcjcy2Xovn/Uuzx05ZEjPlRZKVs8Fd/BRsUUtZ9nTJCFpk71Yx2Kx9EOmQIdk+yPYnSE3TFKXdieR9ibbo2q2SlGPDY7rSP/Q8TlInihGLSMUrkkSjZaj2RmmXpf8AN/U06PGUo3Ma/Z0mYoWzxIVDdolYopC+Eu9HpZEyR+7Sl2Kxl6+mY+mQ/IfbIkok5UqgiFpcoXTGvaNns2PtlCjaOSN2ZfxZ48v+WInaPKVxR40qmSkvRLoS5RQkUhJFL9CihxRtRSKRSKRSP6jc5qKMmTZjUEuhtSVk2YUzDj2YorSHfyl29H2PtlLTJ2Ia9itDELT/ABZh6YvyH2yHQxyTiQe42URiRwyu74Mvb0RQ4KrHDdFqyD8bFKoq2RpxM6/4xRI4nDGetF0LRaIenrVknSYoqWVyZPGrMijHhCXLPEhuaj+yap6Q1rWXbF2Mkudcn5CWshdCKGqiQpFNSJ9kXSGcEqSuyMlOqMk6dox5t6fFDqTKIpERkpbYt0Ys8py/ChDipR2sfipSuyT+0xY9ydjIPgXb0SYkWhzN4nFlCQzLxBkcbqTQ8OX2h+Pk5uJDxct9Hh+MsVSkTkn1pB0KaN6N5uNxLvR9kiMRJUZUrsUX3otYRu9Kuj/3KMnEjJ1ZHobSFVk5bYO0eLl+q6SqikTdCLpkEmR7GTe1Mgs0uWUkWj6VvkydMxzHzIjwWhTN5bL1RdIUxzSJu1yRww5JR+2kQ3JO2Ld6Yt1Ekv0Pro4KQkv2JR/Z38aIoVVQ8TuxQ4FgTPoxP7eJlhjijH7KUVyOXKMT+8yupEpfYiHQ+T+7gk6Qs85xZ4eaLlT7EuzJadEeyk2QjRHuz3aMyck6dEYOKqUrKTNpCkjIux/a6IyFJM3JG9eyfkxi6HlTXDIySdWRkJikJpxFTMlCanG0xLihpJt2QSaNgrSKZcjexTY2XbI8CZURxZsZ9NkYJIUFohKhR08mC2mNVZxJElVmJ1Iy9kvwRBkeiUjw5Qc6MHjqGTchGdCILgRNtqkOTghqU07Zi8WMX2U7KZckSk5SF2bjcxyUeWfUUj6acSUXdIjFwdmK5Ibt0iLsncYujBkaZ5Lk04o8bG9iQokoNigkiWL/AGfTmVJH3aJInVdEUl0LVfChIplCWnlXQkUSXAotKyTtEl9giDpH/p0Ju2yHhYIu49odRITTMvK0xssbGtwo+iD+4lOmLImTUmuCq7QhoSpDakzK1FEPKezkxShmjTJY3F0zCnTOrMfWiglKyzGha7In04jxH0zYxRa9adi0iL+LypVQpFkvSF046ZOIpEUkj0LHAUYro2StsknRbcRY7NlD+2LZ/d22Lyoizm9t2O/YpNCmj66XsU4tXtE8c/dGTFk2/byXOKpoyt3UiC4FPY0yGb6iIJRgSojk9IU4rvRK2IuhSRZfyzOkLVaoXyZ5faFolcjDbbOpMyerIrRZBEp0QmpuiWEyLZ0JzfQoTfD6MnhJN7SXjzj2jc0qaZh3buE6OGjZCSuhwWSTT6IJ1SQlkXsnC2yDiubF5MKdu/8AwOfj5F96F4WOvskf2T98mHFDH+RPOnxEnwZPJjjVR5Z4+Rqe+fLI+TFkOVaHCZs/YoP0NyRumKbE2LXLK5arl/xs8qtyEIcqtmB8Md2zJykQuhL7dIyaE1IUaYpyG5tiixwkRklL7jfga6N3jvqBN4VF1ASkn0Nz2uiGRRjR/cJUkLPBK2T8l5rUehRpWWU5cEMf00o2NwS5Y8yvghGM1aY8G9OMmR8Hb07J+POEnJLgR4kbitXGLNi9EoWKDQyn6PuQ5SS+Efgv4PK/MiVQ+jA+yS4bJ/iQ6HotI5P2Jr4TXLLZYpipmxj8aPtksEe0ZYKMCNVQsbNjRijcqJOptmWcZQ08KnJpk48UK7PA5lKMuUT/AKfgbbSI7YXFCkWJr4tCijLHk2sof6KKK0X8GbC5ytCwzTJQaRJCLuLP8CPR2RkpLjWiMnEjO9ZY0xwaKKI89kYp+zZFDlFE2nFqhYWSSj7LItRdiadtkpp2hJs8aMoyI2+x4/aPCpTsVNtozRrIxykuiOZiyxIzXpibFMWuVvcJss7lreiFqvhTLaNyZLDCY/F/RLE0mJfaR6MUN1GPLKDMWWM1xpHocbKaI5P2JrWWP9EoMr7XoptdFxb/AEOy0zJib5PpyFgYsaqvR/Zwu0zHiUSGOmJFxMTohJolbkzah4ojxv0bWhTcRZpIjmQskRUZnctEL83/AALW9PRRWik0OSfY8UJDwfoxw2IaIzljdow545F/sWriKTRGS+H00SgVWiv0Xx9yFf8Aiy17EkbP2NxRvN0jkSRgipOmRw7Saqb12jiSgfSTPptG1ibQ3b0R/m9UIX8C60a+FEWxWz6cv0Sx/tEsjxyuJ4nlrKqfYtEOOikKWrVjh+iUBxoTKQm/Y17RXy8Vr6iPqRboyqp6rWkUUbUZFUtEf5vVMQtL+VG0lwLRaoeRpdE25EsS/R48Ns06FqmUVQhSE9aNiHBEokUPr4RQoMWMUKIu+BTcv4stKQlejT3PRER/wLVlI2iiOA00Iaux49kbJZE0zEunovjt0TE/i4foaO0JMWMUUJL4Rgyca+VaLTKrkI7ZKVNjVjaiJ2z/AGN6IvRCIfkUiiXAtFpZ0blQtrVSMyxpfahTpITtfxKQmI4+XAtZtpcEc8kPKpCkb0u2LImW9ULTI0pCektrY5FxZwbuRli1WmOL3aI2pjijaKJQxMnCikKkh+LB8kUlHVfKtVIQv4LKQ9FIqIqExSL0vTKrkUIl2UUUbVquixEYMUWK0iyhFa2Sd6dqiScSxvdFxMcXGNarVaLSitFJoUk/4posQxCkRmtUWZIu9IjfLEy2WxN6ojCyMBQ0r9iFfwc9G9Iko2NUIg9EL4oWrjrGYmv4HNH2SHBr4xmxZF7E0XpI9jFqhJixkcaFFFpDyfoi3dsUk9FYhtIc70fAu9ERZkhataY/eiF/G41oiM/i7HY9IzPtY4UV8MPsSG+xs9jEUKIsRGAolpDy+kcvvSMGKNC03/CTI96Yp+mJiMkPaMXb1X8K1a1UmhSv4OI4jiUKRGZakPH+hxoaIisnGVt6IoUGRhRGIkWPL+jl96Ri2Ril8G3ruEMho1TIOxCSaFFxlqv5tusZiaFq4FDjpYpimmuRwvoUaFBn3I+1mxEYCiJFjy+kcvsVISbI4xIrRy+SGQVLRojLaxSIlar5r+BqyhCIzE71cUxwoo2lMQpCmKS0cEfTFGi6JZP0fdLspI5ZHH+xfC9d3wXTH0R60cZG2RCxWJ/FfNfJabdU2hTT+DimOLRRt0sUhTFMch5D7n2I5FASS+DetjYtEI9MYtd8T6kRTQpIuytV/H60R70aTGtYzoUk/g4jjWjiU9EzecaKAopFfBy1cvitH0MWiZMoghEX8UL+NC+ElS+EJN/FxGtK0SKIxX8Lei+KJdD1/8QAMhEAAgIBBAEEAgICAQEJAAAAAAECEQMQEiExQQQTICIwUQUyFGFC8CMkQENxgcHh8f/aAAgBAwEBPwBSNxY9ENaV2RXOsuhaQ61Wr0ZDRi+S60ZQxdaL41aKoWrHrHvSIxi7ZHtkuif9SC40rR6yjSTPGi71pG1GwjW0Wi61ejIdaMXxvRD0lJXTZF8aJCRQ18PGlEhiGQ0QyWkSXRJWiPXwfWu9SW1+BKxQ4YocoqkxrR96Q/rp4FovhDR6X8KEeNJypcEk/Jgk/wCrFpPI4+DFP3L28ijuVVySx0OJQjbpIYtI9nAuxj0XCJ9HgXwfQh8iX2Zi6Qn/AGIu5IdbWS0YiPRZYtE/hHR6SkoohmUijaKKKESR9nb8DjupR5ISi8n1Ixe1seNuPZJSX1irJQco1fP68CcttJ9CklFef9k65EWjdEc0KdseiIdvRD0Wk+hvhEivmiMuyMuhy4YxjF2LotFqiL0T0QoOSb8IS2qxRscCqJ3J8EOaZinuihkcTfJHBFumf4b8M9RjUE7HSgk/JC5Ra6RiirZilFN35Nq3XZCCatijbaQk5ra+mOLl2TlTsUrT+Eex6xEbW9H0yLRaO2LljFJDaLWlnk8aIR+9EMXYmM7dGyGOKb5HNPlEZIUkY4KcibxQjt2nqsSjBSiqsU4w7I58b8k6IY3tdfsUIvheDDzZjx2nIyNwudcNKv8A7J45QqU3z/14MOSUOb+v+z18k0v9l88+B3XJCW1WY4wmybjHhGPM5SaITUGxT3SpGaaUuDLNOJCVRN1i5GR70WkRC0l0yL/RxXJDhNmOfZKQ3IuVdm6f7IylTN9I9z7HufVG9WyPKWl8i6FpXI+xmBKUxxuY48vgQ8uOqPQwtOQ3B4/sfyeeGyO03OUrkKPPCIcRSfZGMldEowktgsO2SUeiefDhim3/APhk/lsal/2adGL+Rm520Yp488XPE/J/JTUpKv8AZFNj+y5PTJWZtsftAnFyaZOaiqijGlutmVrc3Ej9ombJHdUSIqLYiOnWkdG60fkhwSSmJ/WiNKLFrQj/AIj/ALjf0G/u/wD0Mb+q08ngWku0TfOnplbZGKXLJpNWyUe66ROG20fxGNexc+ifpca+1nqGpMpNkopL7MxRSf1KtSlEhDYt8jN6141WMSlJ7pGHGpOiPpUkYvTQxQrLw7PXznljukq5ZBHD4MNKdMePHBcnu4nGnLkjHFW5OyePfFtEfbgqZkl3pCtoktYaoRyJCGRguRYkkQS5JLkkkOLQk9Hwxc2i+mbeGjzZj/rqumLvSXaMvYz0nMmRTUSeaOO0R9RFPojUorby/wD4PTxlDFGv+v8AZlnPZJ/rz++CUk+zEm+hKKdIx793HTMuWeN7X0Z/UzyPkWF/2kQg5vghGGLmRl/kG+IClnycylwTncak7N20nvaIbsfRmyzl/ZkISkYoyxxdj9VUaix5VInbQotmNNxK05ZAYutFo+NGR7ZztYk0iKbY+yU2y2ctUOTi0KfLRvVIsi06EedF0yPY3yTJsZ6SajK2Z/VSl9YdGP098zdIn7PUFZvyx5ofr/UuGyLpE/U5Zx2Tk6JJo9J6ab+zdI21xRknsjdjk5O5GHBtW+XZ7GSfZknDDGl2TnPNLgwekUI75mT1HiK4Nzb2oUFBccseRGXJfCRjxO7kenwpXIzSSixOJHlcKhxT0wvh6WWY/ghasXEiTVD4iQXAy6daTm0+By38CjUylR5IC8iuxL6OxEE21SJRlfRTGmUJNqkRaj0QjPMxRjg8XIjJyf2YsXB7EaIY4KfJaJZEjPLfOjB6e+ZoWNLlnqPUxhwiKeaT8mHD7ceYkpym90+v0Qhv6JNJbYrrySy80NSkuEYsHBCMET9VFfWHJLdkdyFBIWuHzqzH8I6OQhk1wJtk2R4jpk4a0/ZXkS+xsbRtqNEcTfRiw32yknwe2pYpMhjlJsxY9q+r68kqUrTJtPlmWCdCjb5JW+ImDA7+3RXtxbQoWmYuZNMUnVF8ifLY8iSNzlyYsMas9xR7JzlODke027lKj0cFCyK5JemjkchY5YY1HyPFl8In6ZuvAtmFVus96T/qja3/AGdiVfLF50WkOvgtKVCGZH9SMR8yH09MuNPnRY7HgikQcF4HF3yY4RopsSmbbZD0/wBPt2VNOSbITpVR7lt2b0Y3c+STjuoxwhEuNUZ8rVK7IOkUoZH/ALN6Rvj+xy/QxyfSFmcUb7dsfqL6Qskk7o9I7iLonOc5bYukQ9NOL/vZjTS5PWJuXDIwS+LkhzIaQ1RBcfBdCL5ESfKMnRVIiS6GbeDYRxt9Dg0OHFoj94kN0ZFzm6SPZdfZkMkIcRRLNOXfBlS3Gy+bHA2kVRtNqNiPbibEbYlIpaJfL0XRN7YsxRei6PUv4bjdesBkTjWAtV0KtES7RIl0Q6H0PliijbFMrGlwSj5si+OeRKTuiPDGS5FPajFKTkrMi4f+iEqOxxoWiVaX+T0RmqX1FwInKkZ5fatGy38YDEeBDRDrT/Wi+HkmS6I9EiJCFu5yJ14F2L/Yp3wuDclwjvsumJDoxf2RnitkijB5M6uJiiRJdP4Wy2WxSZbL0TZZbPR1GDZCNzc35ERJtGSW6bekvlAYuhdaWR6+C+HkyD/qR6JCEmpE048kZWzdZPIkjFdaMs380KdSsks81cnSHxJmJ/Y3G/dP8KoXwQuy2saSISIts8Gee1NkdJfKB4ZEhrHr4R6+C/sS5bF/UgSIjsjy6HCUGYoXxZLDskRVIsbY+NIxt1Zkwxiv72MjJxdiytrogqkjJmp0iLY+2V9dLLEmKBsOUKRuEQ5Y5LixZIfsWWP7JZofsz5XO0iCYkSRsNptNptIrRERscuTHZYtFpKVaX2f8GQ5iyHZJ8kRpkf7HqY+2k7uxMgrH0JWhtol0IhyybxpUjlnI8tJpGLlpsyYlfBHiJKmUzaKBXxXJtIxZFNO0PLIjLnkk1fRa/RuiRb/AGXz2Jssv/Rb/Wq0Qhsf7FkR7h77R7sj35UYpzkyZubYlwZI/UxL6kVUyXbEezLyPFGLPV4ZVd8FpGLlDXDE2icrG+KPFGJqL5VkpW7URWi2MxeBcqxxZVCg2jaQwNoWOmNX4HAoop2WQRTi6Y3yL9ErTN55E0VE2o2iRVIZycm43G8cjc9XyXxpgk7JnMWRZP8AqzF0LiRIZFHqIvaZ81wrTA9Jy50iqfJGKmy4xfCMnqHJMtbRNGxNkIKKPAjahK+EPAze0yMotWOpJol9SK8kkQpvkzQVWenUU7ZmmnNssjMcmRyMU4m6JcdY2NvRHhv8Fllnp2rY2hNMj2xyTdEVTE/uxjF6zYqjyP1WZ3fRblY40YXyeDJES0jLaOSJr6mLBPLxEninBuLIOKfIpJ9PSI3ZFURVk/TJ9FTxMjktGRplcExDncaKRP4JsUmKYpG5FrRay/Ej06uzaKIvLOe9If2YzybpFs3qiLTFSZ7iR7lkfs6PZ2oeJjij0eOGXKscyHpscU1An/G48y7pnq/S5PTS2zRsvwfdOky8kPFkM0L+3Bug+UyHVrRxUlTJY1Au5CHA2N6N0tKKKK+KMXL1Q/xI9MuGPRv6mThIj0Y/JIVjxlEYbieNxVkcvBje/scYJG+C5RD1NxtiyQn5PbXiRgnHDPe2jHKTdpjzZsU3FyPU+om+LJKCLx/og/qTjJ8bR+mnfVHtZof0Z/k5U6kj/JRGOX1Fxxq2f4uTE/vEgiOFz76P8f3I7YukT9BOKtGT6WpEc2M3rwWhKJtibEUtKEY1UdeoiKK/Aj03T08EV0ZUR6Idski+dJQTKcRy4ocIsSihyQmjJCbxP2+xYP5G/wC6Hh/kl/5hhx+u3pzyWiHrFGFJj9QpStjhuluPYbtseCb4RDAsNN8sc70wYp5H9USw4I45ZHG9vkl62fWKC/8Acw+unDuKsxetjlj9ket9TiXGKNj9Xfao9HnhJON86eub3yEtFOSPel5I50u0LJB+RNFryLaKK+EvyenX1GJkezKiJH+zJEdGIlD9DT+GJ3E2xGh4l4GpLsUiOeXhEc065RiyOUh2+Wbkej9NL1MqXR7cPTYJbfB6mP8A3Kv2RUk9FPJB3AlxK/2OmjN9VuXDI/yOdRqzLun9me2bTaVpWinJCzyMM7iKS0j5f5EYsqhGj3ItEZJkWMrkSqRIQ01qpDimiUK1jNxI5kxSRafY2l0OfL4N8ypVyyFqV2e8ekwZPUz2xRhwRxRUYmSG+Lg+mfyk1jgscWJUrLHkUeTJPc+COVp0zNLjkvgi1tIpMeFHtMeP9ocEe2OI9PS8wKKOolfBfgTQkmbZIjllEj6j9kcidHkkTltQ42icXHRilRwyUE+vhHI0RyJirdp7al2U1w+TZHwOMkeh/kseBKFUiX8xhXXJk/nG/wCqM3q55Z75H+RKqJZGyUxsSl4Rljo+EJiysWRCkmOCY8SHhJYB4WenVQ1f9FqtaK+NCE6Lss2oUWumLJOIsxknuEUmuSeNx+LSHCtUKbIZBST0dPsp+BqL7Q8b8DbQpEYTl4FhflixwEorwbmTtaeNUxMjJiys3otMpEUq1/4oor5V8UITFpYmOilZuQpoj9kZMe3n4J6OJT1ToU2RyiknopMpeC0+GhP9It/HKVSPH4ExSaINtaMS+q0orStKKK+Fm4iULVabEKKQpE3afxQqZRt+CFNoWVkJkpEe/hKVHuRHmN7kPh2ZI18K0r4Yr2l6KturI6UVotXwnohMUmKY5imRaeiN25kYMm6F8POilo0hxK+CmRkRlQ5I903sbeqGXa/FidRGVSIRtHQk5FcM8UKPwrWd7XpZHkp6PSKR2bSSa6IOb7K/AhUyhxH+TElvVjxIcGhpoUWzYzjXnWCe0rSG5IUX5KkinTFHgSYl8eDJJbdGKTQpNikOQmQKZGdlsd2LK9F+BMrRx+V/CtE+NHE+xTK0r4Y39RS0j0KTNxuZYtUixyRuVDV9GxLv5KLZCNCE6ZFpoo207H+JMVPRxTHGvwJtFoixLRDVjgODRTXwg1QtIrgopFFLVjmOZbfRwb74WnHwjjfbEkhIoaRCW1idoaGqF+NS1cPwUxQkXJCkn8XFDxvwU9ELRdfG0PISyMTbNoofsklVIpr4KLZGCjojxpQzFPxpkFqvwptCaelIcPimhC0cRXEUzcLXLpFCWifGu4llHNs5YkKL8iaXRY5DelCxiSSpCGIrjTJHyih8EJ2ZPj4+bK0UtXFMcWvgpMUrExNG0cDlCmKQiQyDjWtm5EpjkzliiKDfZcV0csbSHK/go0IS0Yh6R5RKNDE6JO4/iXyTYtXAa1QpiFITRSNpTQp12bky0LaxWhSJTHIVspCg32LaujllpDm38FESQhasQ9IyMkbWjE/ktF+JS1pDh+vgnRGeiYmijabSv2bRTkhZDmQkhQbPrHotyOIjmXqhR0SsXwYjzopRFKNE6+C/PWi4FLVxTHBr4KTQpJ6KQmijaNFfsUY2KDYtsS2zhDmN/BREloo6r4IYimKEj2pMcGjaxJoT+S0X41KhO9XCxxa+Ck0KSZZZeqic6OY38VHRJsSS0XxXYtESRDoUiWkhaL/wSIu/hOKXxTF8pS+K5FolbK/Auxa//9k='), 'image/jpeg', 'broodrooster in hotel', 16),
       ('vaatwasser.jpg', '31720', 'image/jpeg', 'repareren vaatwasser', 1),
       ('afvoer.jpg', '31721', 'image/jpeg', 'afvoer vaatwasser', 1),
       ('oven.jpg', '31722', 'image/jpeg', 'oven', 2),
       ('barista.jpg', '31722', 'image/jpeg', 'koffie zetten kan weer', 3),
       ('friteuse.jpg', '31725', 'image/jpeg', 'nieuwe friteuse', 4),
       ('ovenlampen.jpg', '31726', 'image/jpeg', 'nieuwe ovenlampen', 5);

INSERT INTO users (username, password, enabled, apikey, email)
VALUES ('John', '$2a$12$vL/WjHUF7ZL5bYDQNfCkS.C.eKpd/xZlAzAgeO5ItC9kNBHyajzbW', true, '7847493', 'test@testy.nl'),
       ('Jane', '$2a$12$rCZi4UIXPtrNdQdSfelAcOwweREMl4.AddVv3WOKvl.2U4dIWta9K', true, '7847493', 'test@testy.nl'),
       ('Mike', '$2a$12$/bn9V1Rs3ddYvJaqu10QwO/oU3BIiWpYtPzutAdz29dGilUSKQSou', true, '7847493', 'test@testy.nl'),
       ('Piet', '$2a$12$7wqdcmKxTFLcCme/G1msROpRiJpEgOzhjvis9QN/c7f4kE1JPXNTi', true, '7847493', 'test@testy.nl');
-- Alle passwords zijn -> password

INSERT INTO authorities (username, authority)
VALUES ('John', 'ROLE_ADMIN'),
       ('Jane', 'ROLE_PLANNER'),
       ('Mike', 'ROLE_MECHANIC'),
       ('Piet', 'ROLE_MECHANIC');

INSERT INTO schedule_tasks (date, start_time, end_time, task_id, mechanic_username)
VALUES ('2022-08-01', '13:00:00', '16:00:00', 1, 'Mike'),
       ('2022-08-01', '10:00:00', '12:00:00', 2, 'Mike'),
       ('2023-09-04', '10:00:00', '12:00:00', 6, 'Mike'),
       ('2023-09-06', '10:00:00', '12:00:00', 9, 'Mike'),
       ('2023-09-07', '10:00:00', '12:00:00', 10, 'Mike'),
       ('2023-09-08', '10:00:00', '12:00:00', 11, 'Mike'),
       ('2023-09-09', '10:00:00', '12:00:00', 6, 'Mike'),
       ('2023-09-02', '10:00:00', '12:00:00', 7, 'Piet'),
       ('2023-09-04', '10:00:00', '12:00:00', 8, 'Piet'),
       ('2023-09-05', '10:00:00', '12:00:00', 4, 'Piet'),
       ('2023-08-02', '14:00:00', '16:00:00', 5, 'Piet'),
       ('2023-08-03', '09:00:00', '11:00:00', 3, 'Mike');